GICS Econ Sect (Descr),GICS Ind Group (Descr),GICS Industry (Descr),Company Name,1/1/2000,1/1/2001,1/1/2002,1/1/2003,1/1/2004,1/1/2005,1/1/2006,1/1/2007,1/1/2008,1/1/2009,1/1/2010,1/1/2011,1/1/2012,1/1/2013,1/1/2014,1/1/2015,1/1/2016,ActiveYears
Consumer Staples,Food Beverage & Tobacco,Tobacco,22ND CENTURY GROUP INC,,,,,,,,,,,,,,575.5,0.071,0.013,,3
Consumer Staples,Food & Staples Retailing,Food & Staples Retailing,7-ELEVEN INC,0.16,0.185,0.21,0.155,0.13,,,,,,,,,,,,,5
Consumer Staples,Food Beverage & Tobacco,Food Products,ADECOAGRO SA,,,,,,,,,,0.171,0.128,0.12,0.288,0.146,0.263,0.126,,7
Consumer Staples,Food Beverage & Tobacco,Food Products,ADVANCEPIERRE FOODS HOLDINGS,,,,,,,,,,,,,,,,0.163,,1
Consumer Staples,Food Beverage & Tobacco,Food Products,AGFEED ANIMAL NUTR-ADR-REDH,,,,,,,,,,0.069,,,,,,,,1
Consumer Staples,Food Beverage & Tobacco,Food Products,AGFEED INDUSTRIES INC,,,,,,,,0.209,2.576,0.31,0.611,,,,,,,4
Consumer Staples,Food Beverage & Tobacco,Food Products,AGRIA CORP -ADS,,,,,,,1.078,1.757,1.127,0.035,0.007,,0.147,0.103,0.453,0.134,0.238,10
Consumer Staples,Food Beverage & Tobacco,Food Products,AGRIBRANDS INTERNATIONAL INC,0.128,,,,,,,,,,,,,,,,,1
Consumer Staples,Household & Personal Products,Personal Products,AGRITECH WORLDWIDE INC,,0.239,0.004,0.005,9.007,0.026,0.058,0.125,0.055,0.096,0.135,0.292,0,0,0,0.002,,15
Consumer Staples,Household & Personal Products,Personal Products,AIRWARE LABS CORP,,,,,,,,,,,,,,1.4,0.5,0.35,,3
Consumer Staples,Household & Personal Products,Personal Products,AKI HOLDING CORP,0.15,0.176,0.085,0.12,,,,,,,,,,,,,,4
Consumer Staples,Household & Personal Products,Personal Products,ALBERTO-CULVER CO,0.157,0.153,0.235,0.248,0.283,0.31,0.24,0.169,0.293,0.294,0.103,,,,,,,11
Consumer Staples,Food & Staples Retailing,Food & Staples Retailing,ALBERTSON'S INC,0.199,0.155,0.146,0.121,0.115,0.082,,,,,,,,,,,,6
Consumer Staples,Food & Staples Retailing,Food & Staples Retailing,ALBERTSONS COS INC  -REDH,,,,,,,,,,,,,,,0.072,,,1
Consumer Staples,Food Beverage & Tobacco,Food Products,ALICO INC,0.099,0.081,0.09,0.07,0.069,0.122,0.313,0.07,0.048,0.053,0.069,0.098,0.124,0.154,0.111,0.137,0.037,17
Consumer Staples,Food Beverage & Tobacco,Beverages,ALKALINE WATER COMPANY INC,,,,,,,,,,,,,,,1.226,0.287,,2
Consumer Staples,Household & Personal Products,Personal Products,ALLERGY RESEARCH GROUP INC,,0.049,0.089,0.205,0.051,4.496,0.023,0.087,,,,,,,,,,7
Consumer Staples,Food & Staples Retailing,Food & Staples Retailing,ALLIANCE BOOTS PLC -ADR,,0.095,0.094,0.149,0.208,0.105,,,,,,,,,,,,5
Consumer Staples,Food Beverage & Tobacco,Tobacco,ALLIANCE ONE INTL INC,0.04,0.069,0.075,0.103,0.069,0.089,0.053,0.068,0.073,0.078,0.36,0.185,0.153,0.092,0.097,0.072,,16
Consumer Staples,Food Beverage & Tobacco,Beverages,ALLIED DOMECQ PLC  -ADR,,,0.185,0.167,0.133,,,,,,,,,,,,,3
Consumer Staples,Food Beverage & Tobacco,Tobacco,ALTRIA GROUP INC,0.137,0.126,0.133,0.133,0.119,0.135,0.147,0.084,0.027,0.124,0.063,0.044,0.056,0.062,0.08,0.115,,16
Consumer Staples,Food Beverage & Tobacco,Beverages,AMBEV SA  -ADR,0.134,0.12,0.109,0.321,0.333,0.282,0.288,0.342,0.245,0.238,0.345,0.406,0.296,0.289,0.287,0.224,,16
Consumer Staples,Food Beverage & Tobacco,Food Products,AMER ITALIAN PASTA CO  -CL A,0.217,0.126,0.215,0.102,0.054,0.029,0.035,0.03,0.039,0.035,,,,,,,,10
Consumer Staples,Food Beverage & Tobacco,Food Products,AMERICAN CRYSTAL SUGAR CO,0.117,0.06,0.045,0.093,0.061,0.092,0.097,0.136,0.093,0.101,0.152,0.141,0.103,0.151,,,,14
Consumer Staples,Food Beverage & Tobacco,Tobacco,AMERICAN HERITAGE INTL INC,,,,,,,,,,,,,,0,,,,1
Consumer Staples,Food Beverage & Tobacco,Food Products,AMERICAN LORAIN CORP,,,,,,,,,0.727,0.058,0.697,0.201,0.036,0.213,0.03,0.019,,8
Consumer Staples,Household & Personal Products,Personal Products,AMERICAN ORIENTAL BIOENGR,,,,,0.293,0.592,0.288,0.123,1.485,0.032,0.049,0.276,0.109,,,,,9
Consumer Staples,Food Beverage & Tobacco,Food Products,AMERICAN SEAFOODS CORP-REDH,,,0.037,,,,,,,,,,,,,,,1
Consumer Staples,Food Beverage & Tobacco,Food Products,AMIRA NATURE FOODS LTD,,,,,,,,,,,,0.028,0.06,0.142,0.102,0.025,,5
Consumer Staples,Food Beverage & Tobacco,Food Products,AMPLIFY SNACK BRANDS,,,,,,,,,,,,,,,0.974,1.042,,2
Consumer Staples,Food & Staples Retailing,Food & Staples Retailing,ANDERSONS INC,0.316,0.257,0.149,0.27,0.482,0.572,0.458,0.317,0.467,0.14,0.158,0.339,0.485,0.237,0.238,0.25,,16
Consumer Staples,Food Beverage & Tobacco,Beverages,ANHEUSER-BUSCH COS INC,0.135,0.124,0.099,0.119,0.128,0.128,0.09,0.098,,,,,,,,,,8
Consumer Staples,Food Beverage & Tobacco,Beverages,ANHEUSER-BUSCH INBEV  -ADR,,,,,,,,,0.272,0.087,0.142,0.212,0.204,0.235,0.21,0.234,,8
Consumer Staples,Food Beverage & Tobacco,Food Products,ANNIE'S INC,,,,,,,,,,,0.804,2.275,0.644,0.267,,,,4
Consumer Staples,Food Beverage & Tobacco,Food Products,ANPULO FOOD INC,,,,,,,,,,,,,,,0.019,0.014,,2
Consumer Staples,Food Beverage & Tobacco,Food Products,AOXIN TIANLI GROUP,,,,,,,,,,0.465,0.681,0.569,0.344,0.024,0.399,0,,7
Consumer Staples,Food Beverage & Tobacco,Food Products,AQUAPRO CORP,0.113,0.013,0,,,,,,,,,,,,,,,3
Consumer Staples,Food Beverage & Tobacco,Food Products,ARBORGEN INC  -REDH,,,,,,,,,,0.064,,,,,,,,1
Consumer Staples,Food Beverage & Tobacco,Food Products,ARCADIA BIOSCIENCES INC,,,,,,,,,,,,,,,0.157,0.207,,2
Consumer Staples,Food Beverage & Tobacco,Food Products,ARCHER-DANIELS-MIDLAND CO,0.077,0.052,0.071,0.086,0.093,0.119,0.147,0.226,0.296,0.266,0.202,0.143,0.155,0.093,0.088,0.113,,16
Consumer Staples,Food Beverage & Tobacco,Food Products,ARCHIBALD CANDY CORP,0.217,0.096,0.078,,,,,,,,,,,,,,,3
Consumer Staples,Food & Staples Retailing,Food & Staples Retailing,ARDEN GROUP INC  -CL A,0.192,0.185,0.071,0.11,0.277,0.125,0.097,0.08,0.115,0.066,0.063,0.112,0.153,,,,,13
Consumer Staples,Food Beverage & Tobacco,Food Products,ARMANINO FOODS DISTINCTION,0.08,0.031,0.085,0.116,0.071,0.061,0.113,0.305,0.097,0.041,0.302,0.305,0.211,0.729,0.07,0.797,,16
Consumer Staples,Household & Personal Products,Personal Products,ARMKEL LLC,,,0.07,0.116,,,,,,,,,,,,,,2
Consumer Staples,Household & Personal Products,Household Products,ARMORED AUTOGROUP INC,,,,,,,,,,,,1.012,0.257,0.137,0.153,,,4
Consumer Staples,Food & Staples Retailing,Food & Staples Retailing,ASCENDANT SOLUTIONS INC,0.977,0.602,28.667,0.201,10.118,0.782,0.195,0.372,0.296,0.808,0.21,0.453,0.06,0.133,0.301,0.518,,16
Consumer Staples,Household & Personal Products,Personal Products,ASCENDIA BRANDS INC,,1.452,0.356,0.822,0.4,10.633,0.138,,,,,,,,,,,6
Consumer Staples,Food Beverage & Tobacco,Beverages,ASCONI CORP,,0.259,0.173,0.469,0.485,,,,,,,,,,,,,4
Consumer Staples,Food Beverage & Tobacco,Food Products,ASIA GREEN AGRICULTURE CORP,,,,,,,,,,,0.335,0.406,0.474,0.53,,,,4
Consumer Staples,Food & Staples Retailing,Food & Staples Retailing,ATLANTIC PREMIUM BRANDS LTD,0.142,0.131,0.202,,,,,,,,,,,,,,,3
Consumer Staples,Food & Staples Retailing,Food & Staples Retailing,ATLAS RESOURCES INTL INC,5.222,0,0,,,,,,,,,,,,,,,3
Consumer Staples,Food Beverage & Tobacco,Food Products,AURORA FOODS INC,0.05,0.084,0.087,,,,,,,,,,,,,,,3
Consumer Staples,Household & Personal Products,Personal Products,AVON PRODUCTS,0.264,0.203,0.164,0.211,0.292,0.204,0.166,0.253,0.298,0.221,0.217,0.17,0.146,0.127,0.094,0.074,,16
Consumer Staples,Household & Personal Products,Personal Products,AZUREL LTD,0.057,0,,,,,,,,,,,,,,,,2
Consumer Staples,Food Beverage & Tobacco,Food Products,B&G FOODS INC,,,,0.172,0.15,0.152,0.182,0.353,0.214,0.21,0.205,0.174,0.172,0.14,0.172,0.16,,13
Consumer Staples,Food Beverage & Tobacco,Food Products,B&G FOODS INC -OLD,0.142,0.102,0.172,0.172,,,,,,,,,,,,,,4
Consumer Staples,Household & Personal Products,Personal Products,BACTOLAC PHARMACEUTICAL INC,0.108,0.056,0.032,0.045,0.053,0.59,,,,,,,,,,,,6
Consumer Staples,Household & Personal Products,Personal Products,BARE ESCENTUALS INC,,,,,,2.446,1.385,1.231,0.869,0.375,,,,,,,,5
Consumer Staples,Food Beverage & Tobacco,Food Products,BARFRESH FOOD GROUP INC,,,,,,,,,,,,,1.315,0.334,0.751,0.433,,4
Consumer Staples,Household & Personal Products,Personal Products,BAZI INTERNATIONAL INC -OLD,,,,,0.024,0.055,0.766,0.177,0.062,0.194,2.294,0,,,,,,8
Consumer Staples,Food Beverage & Tobacco,Beverages,BEAM INC,0.193,0.172,0.168,0.163,0.178,0.182,0.158,0.137,0.104,0.101,0.152,0.153,0.187,0.163,,,,14
Consumer Staples,Food Beverage & Tobacco,Beverages,BERINGER WINE EST HLD  -CL B,0.184,,,,,,,,,,,,,,,,,1
Consumer Staples,Food Beverage & Tobacco,Food Products,BIG HEART PET BRANDS,0.217,0.133,0.604,0.095,0.089,0.086,0.148,0.135,0.125,0.163,0.139,0.112,0.148,0.104,,,,14
Consumer Staples,Food Beverage & Tobacco,Beverages,BIG ROCK BREWERY INC,0.041,0.098,0.097,0.084,0.075,0.124,0.13,0.077,0.023,0.031,0.034,0.051,0.041,0.079,0.144,0.125,,16
Consumer Staples,Food & Staples Retailing,Food & Staples Retailing,BIONOVA HOLDING CORP,0.014,5.834,0.121,,,,,,,,,,,,,,,3
Consumer Staples,Food Beverage & Tobacco,Food Products,BIRDS EYE FOODS INC,,,,0.057,0.125,0.084,0.046,,,,,,,,,,,4
Consumer Staples,Food & Staples Retailing,Food & Staples Retailing,BJ'S WHOLESALE CLUB INC,0.205,0.317,0.212,0.256,0.169,0.149,0.225,0.1,0.158,0.193,0.194,,,,,,,11
Consumer Staples,Food Beverage & Tobacco,Food Products,BLUE BUFFALO PET PRODUCTS,,,,,,,,,,,,,,,0.384,0.084,,2
Consumer Staples,Household & Personal Products,Personal Products,BODY SHOP INTL PLC  -ADR,0.213,,,,,,,,,,,,,,,,,1
Consumer Staples,Food Beverage & Tobacco,Beverages,BOSTON BEER INC  -CL A,0.215,0.121,0.098,0.086,0.267,0.811,0.341,0.834,1.289,0.115,0.093,0.137,0.465,0.544,0.57,0.195,,16
Consumer Staples,Food Beverage & Tobacco,Food Products,BOULDER BRANDS INC,,,,,,,,,1.618,0.272,0.291,0.887,0.582,0.772,0.229,,,7
Consumer Staples,Household & Personal Products,Household Products,BRAND MARVEL WRLDWD CONS PRO,,,,,,,,,,,,,,0.047,0.002,,,2
Consumer Staples,Food Beverage & Tobacco,Food Products,BRASILAGRO CIA BRAS DE  -ADR,,,,,,,,,,,,,0.261,0.195,0.163,0.029,0.027,5
Consumer Staples,Food Beverage & Tobacco,Food Products,BRAVO BRANDS INC,0.519,0.031,0.073,0.348,1.145,1.982,3.642,,,,,,,,,,,7
Consumer Staples,Food Beverage & Tobacco,Food Products,BRF SA -ADR,0.161,0.087,0.086,0.097,0.132,0.33,0.5,0.457,0.228,0.419,0.121,0.153,0.212,0.138,0.12,0.118,,16
Consumer Staples,Food Beverage & Tobacco,Food Products,BRIDGFORD FOODS CORP,0.288,0.242,0.193,0.162,0.194,0.121,0.16,0.122,0.168,0.133,0.213,0.235,0.132,0.482,0.346,0.115,0.319,17
Consumer Staples,Food Beverage & Tobacco,Tobacco,BRITISH AMER TOBA PLC  -ADR,0.136,0.07,0.208,0.182,0.139,0.153,0.208,0.191,0.139,0.162,0.157,0.165,0.228,0.183,0.158,0.152,,16
Consumer Staples,Food Beverage & Tobacco,Food Products,BROOKLYN CHEESECAKE & -OLD,0.016,0.006,0.233,0.161,0.326,0.094,0,,,,,,,,,,,7
Consumer Staples,Food Beverage & Tobacco,Beverages,BROWN FORMAN CORP,0.255,0.167,0.272,0.111,0.095,0.104,0.135,0.081,0.098,0.07,0.083,0.148,0.238,0.284,0.23,0.188,,16
Consumer Staples,Food Beverage & Tobacco,Food Products,BUNGE LTD,0.145,0.124,0.145,0.148,0.209,0.206,0.173,0.191,0.213,0.231,0.2,0.212,0.198,0.177,0.138,0.115,,16
Consumer Staples,Food Beverage & Tobacco,Food Products,CADBURY PLC  -ADS,0.107,0.21,0.264,0.251,0.187,0.166,0.303,0.249,0.193,,,,,,,,,9
Consumer Staples,Food Beverage & Tobacco,Food Products,CAGLE'S INC  -CL A,0.622,0.006,0.009,0.004,0.097,0.071,0.04,0.096,0.039,0.067,0.102,,,,,,,11
Consumer Staples,Food Beverage & Tobacco,Food Products,CAL-MAINE FOODS INC,0.095,0.108,0.088,0.077,0.091,0.097,0.133,0.164,0.126,0.083,0.089,0.119,0.118,0.223,0.261,0.212,,16
Consumer Staples,Food Beverage & Tobacco,Food Products,CALAVO GROWERS INC,,,0.209,0.688,0.641,0.098,0.267,0.148,0.128,0.11,0.123,0.118,0.165,0.133,0.221,0.316,0.315,15
Consumer Staples,Household & Personal Products,Household Products,CALI HOLDINGS INC,,0.009,0.005,0,,0.032,,,,,,,,,,,,4
Consumer Staples,Food Beverage & Tobacco,Food Products,CALIFORNIA STYLE PALMS INC,0.115,0.075,0.047,,,0.845,,,,,,,,,,,,4
Consumer Staples,Food Beverage & Tobacco,Food Products,CAMPBELL SOUP CO,0.116,0.122,0.164,0.168,0.156,0.175,0.156,0.171,0.146,0.178,0.159,0.133,0.154,0.158,0.154,0.164,0.145,17
Consumer Staples,Household & Personal Products,Personal Products,CANNABIS SATIVA INC,,,,,,,,,,,,,,,11,1.143,,2
Consumer Staples,Household & Personal Products,Personal Products,CARTER-WALLACE INC,0.015,,,,,,,,,,,,,,,,,1
Consumer Staples,Food & Staples Retailing,Food & Staples Retailing,CASEYS GENERAL STORES INC,0.149,0.167,0.099,0.11,0.139,0.138,0.113,0.107,0.174,0.141,0.212,0.198,0.221,0.195,0.203,0.195,,16
Consumer Staples,Food Beverage & Tobacco,Beverages,CASTLE BRANDS INC,,,,,0.643,0.563,0.88,0.449,0.199,0.154,0.419,0.602,0.151,0.453,0.588,0.701,,12
Consumer Staples,Food Beverage & Tobacco,Beverages,CBR BREWING CO INC -CL A,0.125,0.043,0.055,,,,,,,,,,,,,,,3
Consumer Staples,Household & Personal Products,Personal Products,CCA INDUSTRIES INC,0.384,0.198,1.195,0.445,0.193,0.377,0.664,0.463,0.515,0.525,0.139,0.327,1.458,0.725,0.046,0.103,,16
Consumer Staples,Food Beverage & Tobacco,Food Products,CEATECH USA INC,0.242,0.45,0.041,,,,,,,,,,,,,,,3
Consumer Staples,Household & Personal Products,Household Products,CELLU TISSUE HOLDINGS INC,,,,,,,,,0.053,0.089,,,,,,,,2
Consumer Staples,Food Beverage & Tobacco,Beverages,CELSIUS HOLDINGS INC,,,,,,,,,2.323,0.311,0.383,,,,0.174,0.227,,5
Consumer Staples,Food & Staples Retailing,Food & Staples Retailing,CENCOSUD SA  -ADR,,,,,,,,,,,,0.188,0.175,0.065,0.042,0.031,,5
Consumer Staples,Food Beverage & Tobacco,Food Products,CENTENNIAL SPECLTY FOODS CP,,,,0.005,0.003,,,,,,,,,,,,,2
Consumer Staples,Food Beverage & Tobacco,Beverages,CENTRAL EUROPEAN DIST CORP,1.173,0.242,0.144,0.388,0.539,0.465,0.294,0.518,0.282,0.174,0.029,0.075,0.053,,,,,13
Consumer Staples,Household & Personal Products,Household Products,CENTRAL GARDEN & PET CO,0.177,0.124,0.1,0.178,0.18,0.177,0.43,0.369,0.111,0.095,0.147,0.191,0.224,0.132,0.091,0.132,0.17,17
Consumer Staples,Food Beverage & Tobacco,Food Products,CHAI NA TA CORP,0.033,0.067,0.066,0.298,0.522,0.019,0.032,0.012,0.02,0.064,0.036,0.009,,,,,,12
Consumer Staples,Food Beverage & Tobacco,Beverages,CHALONE WINE GROUP LTD,0.237,0.124,0.127,0.125,,,,,,,,,,,,,,4
Consumer Staples,Food Beverage & Tobacco,Food Products,CHASE GENERAL CORP,,,,,,,,,,0.281,0.796,0.066,0.092,0.009,0.08,0.36,0.069,8
Consumer Staples,Household & Personal Products,Personal Products,CHATTEM INC,0.22,0.069,0.144,0.207,0.113,0.137,0.161,0.207,0.143,0.215,,,,,,,,10
Consumer Staples,Food & Staples Retailing,Food & Staples Retailing,CHEFS' WAREHOUSE INC,,,,,,,,,,,0.267,0.492,0.592,1.25,0.877,0.452,,6
Consumer Staples,Household & Personal Products,Personal Products,CHINA BOTANIC PHARMACEUTICAL,0.099,0.444,1.64,,,,,0.017,0.043,0.032,0.015,0.918,,,,,,8
Consumer Staples,Food Beverage & Tobacco,Food Products,CHINA CONTINENTAL INC,0,0,4.423,,,,,,,,,,,,,,,3
Consumer Staples,Household & Personal Products,Personal Products,CHINA DONGSHENG INTL INC,0.099,0.275,0.2,0,2.5,0.667,,,,,,,,,,,,6
Consumer Staples,Food Beverage & Tobacco,Food Products,CHINA FRUITS CORP,,0.333,0,0,0.003,0.004,524,2.51,0.225,0.208,0.135,0.395,0.354,0.105,0.153,,,14
Consumer Staples,Food Beverage & Tobacco,Food Products,CHINA GINSENG HOLDINGS INC,,,,,,,,,,,,,0.006,0.002,0,0.003,,4
Consumer Staples,Household & Personal Products,Personal Products,CHINA HEALTH INDUSTRIES HLDG,,,,,,,,,,,,0.003,0.48,1.004,0.039,0.135,0.031,6
Consumer Staples,Food Beverage & Tobacco,Food Products,CHINA HUAREN ORGANIC PRODS,0.247,0.078,0.014,0.289,0.704,0.613,0.121,0.045,0.273,,,,,,,,,9
Consumer Staples,Food & Staples Retailing,Food & Staples Retailing,CHINA JO-JO DRUGSTORES INC,,,,,,,,,,,3.915,2.112,0.154,0.04,0.156,0.029,,6
Consumer Staples,Household & Personal Products,Personal Products,CHINA KANGTAI CACTUS BIOTECH,,,,,,,,,,,0.428,,,,,,,1
Consumer Staples,Food Beverage & Tobacco,Food Products,CHINA LIAONING DINGXU ECOLOG,,,,,,,,,,,,,,,0.075,,,1
Consumer Staples,Food Beverage & Tobacco,Food Products,CHINA MARINE FOOD GROUP LTD,,,,,,,,,1.194,0.179,1.586,0.495,0.068,0.038,,,,6
Consumer Staples,Food Beverage & Tobacco,Food Products,CHINA MODERN AGRL INFO INC,,,,,,,,,,,,,,0.305,0.274,0.533,1.355,4
Consumer Staples,Food & Staples Retailing,Food & Staples Retailing,CHINA NEPSTAR CHAIN DRUG-ADS,,,,,,,0.655,0.486,0.807,0.224,0.284,0.153,0.249,0.404,0.472,0.665,,10
Consumer Staples,Food Beverage & Tobacco,Beverages,CHINA NEW BORUN CORP -ADR,,,,,,,,,,0.566,1.203,0.307,0.044,0.191,0.064,0.02,,7
Consumer Staples,Food Beverage & Tobacco,Food Products,CHINA NUTRIFRUIT GROUP LTD,,,,,,,,,1.83,0.165,0.594,,,,,,,3
Consumer Staples,Food Beverage & Tobacco,Food Products,CHINA ORGANIC AGRICULTURE,,,,,,,,,,0.004,,,,,,,,1
Consumer Staples,Household & Personal Products,Personal Products,CHINA SKY ONE MEDICAL INC,,,,,,,,0.493,1.628,0.484,1.31,,,,,,,4
Consumer Staples,Food Beverage & Tobacco,Food Products,CHINA SUNFLOWER GP -ADR-REDH,,,,,,,,,,0.111,,,,,,,,1
Consumer Staples,Household & Personal Products,Personal Products,CHINA-BIOTICS INC,,,,,,,,3.84,1.265,0.416,0.238,0.235,0.2,,,,,6
Consumer Staples,Food Beverage & Tobacco,Food Products,CHIQUITA BRANDS INTL INC,0.046,0.028,0.048,0.147,0.099,0.102,0.103,0.112,0.145,0.205,0.195,0.216,0.145,0.124,,,,14
Consumer Staples,Household & Personal Products,Personal Products,CHROMATICS COLOR SCIENCES,0.141,0.005,,,,,,,,,,,,,,,,2
Consumer Staples,Food & Staples Retailing,Food & Staples Retailing,CHRONIMED INC,0.101,0.435,0.186,0.243,0.602,,,,,,,,,,,,,5
Consumer Staples,Food Beverage & Tobacco,Food Products,CHS INC,0.159,0.094,0.137,0.166,0.218,0.206,0.173,0.253,0.184,0.162,0.154,0.138,0.194,0.237,0.298,0.294,0.133,17
Consumer Staples,Household & Personal Products,Household Products,CHURCH & DWIGHT INC,0.12,0.202,0.167,0.134,0.136,0.114,0.146,0.144,0.28,0.352,0.14,0.164,0.147,0.115,0.119,0.1,,16
Consumer Staples,Food & Staples Retailing,Food & Staples Retailing,CIA BRASILEIRA DE DSTRB-GDR,0.559,0.162,0.189,0.174,0.152,0.226,0.234,0.285,0.061,0.192,0.259,0.168,0.162,0.177,0.135,0.109,,16
Consumer Staples,Food Beverage & Tobacco,Beverages,CIRTRAN CORP,,0.002,0.002,0.014,0.945,0.351,0,0.044,0.009,0,0,0,0,0,,,,13
Consumer Staples,Food Beverage & Tobacco,Beverages,CLEARLY CDN BEVERAGE CORP,0.058,0.016,0.023,0,0.016,0,0.022,0.057,,,,,,,,,,8
Consumer Staples,Household & Personal Products,Household Products,CLOROX CO/DE,0.15,0.178,0.169,0.222,0.16,0.144,0.18,0.146,0.174,0.205,0.213,0.233,0.185,0.179,0.135,0.128,0.187,17
Consumer Staples,Food Beverage & Tobacco,Beverages,COCA-COLA BTLNG CONS,0.105,0.221,0.124,0.113,0.108,0.081,0.137,0.106,0.111,0.107,0.122,0.144,0.143,0.17,0.24,0.408,,16
Consumer Staples,Food Beverage & Tobacco,Beverages,COCA-COLA CO,0.172,0.185,0.191,0.137,0.124,0.148,0.243,0.239,0.232,0.239,0.232,0.198,0.186,0.176,0.161,0.174,,16
Consumer Staples,Food Beverage & Tobacco,Beverages,COCA-COLA EUROPEAN PARTNERS,0.211,0.168,0.166,0.172,0.139,0.132,0.134,0.14,0.145,0.147,0.046,0.169,0.17,0.135,0.141,0.153,,16
Consumer Staples,Food Beverage & Tobacco,Beverages,COCA-COLA FEMSA DE C V  -ADR,0.107,0.105,0.117,0.208,0.076,0.067,0.102,0.133,0.154,0.216,0.231,0.201,0.251,0.247,0.186,0.179,,16
Consumer Staples,Food Beverage & Tobacco,Beverages,COCA-COLA HBC AG  -ADR,,0.134,0.172,0.213,0.202,0.18,0.284,0.243,0.197,0.132,0.118,0.116,0.132,0.131,0.11,0.113,,15
Consumer Staples,Food Beverage & Tobacco,Food Products,COFFEE HOLDING CO INC,,,,,0.658,0.204,0.08,0.308,0.129,0.073,0.221,0.338,0.343,0.429,0.245,0.197,,12
Consumer Staples,Food & Staples Retailing,Food & Staples Retailing,COLES MYER LTD  -ADR,0.192,0.122,0.157,0.217,0.229,0.294,,,,,,,,,,,,6
Consumer Staples,Household & Personal Products,Household Products,COLGATE-PALMOLIVE CO,0.144,0.135,0.137,0.121,0.137,0.147,0.187,0.216,0.227,0.184,0.156,0.145,0.154,0.174,0.185,0.169,,16
Consumer Staples,Food & Staples Retailing,Food & Staples Retailing,COMMUNITY DISTRIBUTORS INC,,0.14,,,,,,,,,,,,,,,,1
Consumer Staples,Food Beverage & Tobacco,Beverages,COMPANIA CERVECERIA  -ADR,0.162,0.085,0.058,0.084,0.112,0.159,0.151,0.203,0.127,0.14,0.137,0.132,0.219,0.177,0.283,0.13,,16
Consumer Staples,Food Beverage & Tobacco,Food Products,CONAGRA BRANDS INC,0.156,0.137,0.1,0.125,0.157,0.092,0.187,0.211,0.177,0.183,0.178,0.126,0.167,0.156,0.124,0.119,,16
Consumer Staples,Food Beverage & Tobacco,Beverages,CONSTELLATION BRANDS  -CL A,0.126,0.13,0.124,0.174,0.109,0.083,0.135,0.082,0.063,0.07,0.057,0.056,0.049,0.182,0.357,0.332,,16
Consumer Staples,Household & Personal Products,Household Products,CONSULIER ENGINEERING INC,0.018,0.018,0.031,0.003,0,0.504,0.08,0.043,0.177,,,,,,,,,9
Consumer Staples,Food & Staples Retailing,Food & Staples Retailing,CONTROLADORA COMML MEX  -GDR,,,0.045,0.093,0.124,0.154,,,,,,,,,,,,4
Consumer Staples,Food Beverage & Tobacco,Food Products,COOLBRANDS INTERNATIONAL INC,,,,,,,,,,,0,,,,,,,1
Consumer Staples,Food & Staples Retailing,Food & Staples Retailing,COSTCO WHOLESALE CORP,0.314,0.299,0.178,0.124,0.101,0.137,0.156,0.162,0.168,0.121,0.097,0.114,0.119,0.161,0.144,0.161,0.172,17
Consumer Staples,Food Beverage & Tobacco,Beverages,COTT CORP QUE,0.09,0.146,0.167,0.179,0.16,0.242,0.089,0.203,0.144,0.093,0.128,0.097,0.145,0.113,0.097,0.129,,16
Consumer Staples,Household & Personal Products,Personal Products,COTY INC,,,,,,,,,,,,,0.383,0.416,0.402,0.316,0.3,5
Consumer Staples,Household & Personal Products,Household Products,CP&P INC -REDH,,0.062,,,,,,,,,,,,,,,,1
Consumer Staples,Food Beverage & Tobacco,Beverages,CRAFT BREW ALLIANCE INC,0.005,0.006,0.01,0.015,0.004,0.009,0.021,0.024,0.119,0.023,0.048,0.086,0.091,0.096,0.151,0.142,,16
Consumer Staples,Food Beverage & Tobacco,Beverages,CRIMSON WINE GROUP LTD,,,,,,,,,,,,0.053,0.036,0.06,0.07,0.079,,5
Consumer Staples,Food & Staples Retailing,Food & Staples Retailing,CRUMBS BAKE SHOP INC,,,,,,,,,,,,,0.34,0.449,,,,2
Consumer Staples,Food Beverage & Tobacco,Beverages,CRUZAN INTERNATIONAL INC,0.147,0.167,0.145,0.08,0.132,0.085,,,,,,,,,,,,6
Consumer Staples,Food Beverage & Tobacco,Beverages,CRYSTAL ROCK HOLDINGS INC,0.553,0.182,0.221,0.192,0.157,0.257,0.379,0.324,0.333,0.218,0.325,0.283,0.405,0.275,0.311,0.355,,16
Consumer Staples,Food Beverage & Tobacco,Food Products,CUISINE SOLUTIONS INC,0.568,0.151,0.244,0.225,0.129,0.249,1.291,0.623,0.191,,,,,,,,,9
Consumer Staples,Food Beverage & Tobacco,Food Products,CULLEN AGRICULTURAL HOLDING,,,,,,,,,,,0.031,0,0,0,0,,,5
Consumer Staples,Household & Personal Products,Personal Products,CV SCIENCES INC,,,,,,,,,,,,,,,2.098,0.221,,2
Consumer Staples,Food & Staples Retailing,Food & Staples Retailing,CVS HEALTH CORP,0.434,0.41,0.6,0.506,0.53,0.427,0.448,0.338,0.372,0.314,0.253,0.225,0.24,0.23,0.248,0.268,,16
Consumer Staples,Household & Personal Products,Personal Products,CYANOTECH CORP,0.028,0.026,0.018,0.032,0.055,0.028,0.027,0.028,0.105,0.239,0.11,0.445,0.667,0.466,0.363,0.292,,16
Consumer Staples,Food & Staples Retailing,Food & Staples Retailing,DAIRY MART CONVENIENCE STRS,0.157,0.038,,,,,,,,,,,,,,,,2
Consumer Staples,Food Beverage & Tobacco,Food Products,DANONE  -ADR,0.2,0.176,0.174,0.218,0.207,0.198,0.262,0.266,0.222,0.233,0.242,0.215,0.253,0.264,0.199,0.184,,16
Consumer Staples,Food Beverage & Tobacco,Food Products,DARLING INGREDIENTS INC,0.068,0.104,0.18,0.159,0.182,0.284,0.139,0.118,0.241,0.165,0.163,0.153,0.288,0.261,0.343,0.146,,16
Consumer Staples,Food Beverage & Tobacco,Food Products,DEAN FOODS CO,0.18,0.137,0.145,0.179,0.201,0.158,0.127,0.135,0.143,0.147,0.143,0.154,0.108,0.094,0.123,0.139,,16
Consumer Staples,Food Beverage & Tobacco,Food Products,DEAN FOODS CO  -OLD,0.181,,,,,,,,,,,,,,,,,1
Consumer Staples,Household & Personal Products,Personal Products,DEL LABORATORIES INC,0.162,0.148,0.258,0.486,,,,,,,,,,,,,,4
Consumer Staples,Food & Staples Retailing,Food & Staples Retailing,DELHAIZE AMERICA INC,0.193,0.14,0.161,0.125,0.139,0.191,0.216,,,,,,,,,,,7
Consumer Staples,Food & Staples Retailing,Food & Staples Retailing,DELHAIZE GROUP SA  -ADR,,,,,,,,0.237,0.201,0.14,0.161,0.162,0.133,0.117,0.117,0.157,,9
Consumer Staples,Household & Personal Products,Personal Products,DELSITE INC,0.041,0.11,0.036,0.138,0.206,0.052,0.057,0.035,,,,,,,,,,8
Consumer Staples,Food Beverage & Tobacco,Food Products,DELTA & PINE LAND CO,0.11,0.115,0.133,0.131,0.094,0.108,0.161,,,,,,,,,,,7
Consumer Staples,Food & Staples Retailing,Food & Staples Retailing,DI GIORGIO CORP,0.223,0.189,0.328,0.11,0.084,,,,,,,,,,,,,5
Consumer Staples,Food Beverage & Tobacco,Beverages,DIAGEO PLC  -ADR,0.165,0.133,0.199,0.163,0.182,0.148,0.126,0.152,0.168,0.127,0.15,0.187,0.185,0.21,0.208,0.171,0.115,17
Consumer Staples,Household & Personal Products,Household Products,DIAL CORPORATION,0.15,0.104,0.136,0.201,,,,,,,,,,,,,,4
Consumer Staples,Food Beverage & Tobacco,Food Products,DIAMOND FOODS INC,,,,,0.224,0.489,0.302,0.198,0.194,0.231,0.231,0.235,0.335,0.064,0.147,0.208,,12
Consumer Staples,Food & Staples Retailing,Food & Staples Retailing,DIEDRICH COFFEE INC,0.459,0.114,0.101,0.259,0.353,0.515,0.48,0.269,1.036,0.09,,,,,,,,10
Consumer Staples,Food & Staples Retailing,Food & Staples Retailing,DISTRIBCN Y SERVICIO  -ADR,0.121,0.156,0.145,0.102,0.165,0.092,0.126,0.204,,,,,,,,,,8
Consumer Staples,Food Beverage & Tobacco,Beverages,DNA BRANDS INC,,,,,,,,,,,0.976,0,0,0,,,,4
Consumer Staples,Food Beverage & Tobacco,Food Products,DOANE PET CARE CO,0.164,0.061,0.098,0.108,0.071,0.101,,,,,,,,,,,,6
Consumer Staples,Food Beverage & Tobacco,Food Products,DOLE FOOD CO INC,0.109,0.113,0.258,0.103,0.069,0.087,0.083,0.073,0.063,0.049,0.091,0.087,0.116,,,,,13
Consumer Staples,Food Beverage & Tobacco,Beverages,DR PEPPER SNAPPLE GROUP INC,,,,,,,,0.305,0.35,0.32,0.222,0.184,0.168,0.149,0.145,0.157,,9
Consumer Staples,Household & Personal Products,Personal Products,DRAGON JADE INTL LTD,,,,,,,,,,,,,,,0,8.333,,2
Consumer Staples,Food Beverage & Tobacco,Food Products,DREYER'S GRAND ICE CRM HLDGS,0.124,0.213,0.234,0.157,0.465,,,,,,,,,,,,,5
Consumer Staples,Household & Personal Products,Personal Products,DS HEALTHCARE GROUP INC,,,,,,,,,,,0,2.684,3.755,0.279,0.657,0.034,,6
Consumer Staples,Household & Personal Products,Personal Products,DSG INTERNATIONAL LTD,0.124,0.27,0.159,0.831,0.411,0.166,,,,,,,,,,,,6
Consumer Staples,Food & Staples Retailing,Food & Staples Retailing,DUANE READE INC,0.331,0.38,0.35,0.242,,,,,,,,,,,,,,4
Consumer Staples,Food & Staples Retailing,Food & Staples Retailing,E-BUY HOME INC,,,,,,,0,0,0,,0,0,0,,,,,6
Consumer Staples,Household & Personal Products,Personal Products,E.L.F. BEAUTY INC,,,,,,,,,,,,,,,,4.773,,1
Consumer Staples,Food Beverage & Tobacco,Food Products,EAGLE FAMILY FOODS HLDGS INC,0.224,0.106,0.013,0.07,0.142,3.266,0.337,,,,,,,,,,,7
Consumer Staples,Food & Staples Retailing,Food & Staples Retailing,EAGLE FOOD CENTERS INC,0.058,0.065,0.043,,,,,,,,,,,,,,,3
Consumer Staples,Food Beverage & Tobacco,Food Products,EARTHGRAINS CO,0.106,,,,,,,,,,,,,,,,,1
Consumer Staples,Food Beverage & Tobacco,Beverages,EASTSIDE DISTILLING INC,,,,,,,,,,,,,,,,0.617,,1
Consumer Staples,Household & Personal Products,Personal Products,EDGEWELL PERSONAL CARE CO,0.154,0.16,0.085,0.16,0.173,0.146,0.139,0.134,0.246,0.167,0.126,0.117,0.125,0.107,0.113,0.132,0.146,17
Consumer Staples,Food Beverage & Tobacco,Food Products,ELAMEX SA DE CV,0.366,0.08,0.162,0.092,0.023,,,,,,,,,,,,,5
Consumer Staples,Food Beverage & Tobacco,Beverages,ELDORADO ARTESIAN SPRNGS INC,0.272,0.295,0.024,0.048,0.026,0.04,0.131,0.077,0.093,0.044,0.058,0.054,0.073,0.13,0.097,0.115,,16
Consumer Staples,Food Beverage & Tobacco,Tobacco,ELECTRONIC CIGS INTL GRP LTD,,,,,,,,,,,,,,,48.074,1.012,,2
Consumer Staples,Household & Personal Products,Personal Products,ELIZABETH ARDEN INC,0.257,0.245,0.255,0.382,,0.414,0.659,0.549,0.522,0.505,0.552,0.334,0.291,0.453,0.437,0.204,0.113,16
Consumer Staples,Food Beverage & Tobacco,Beverages,EMBOTELLADORA ANDINA  -ADR A,0.093,0.084,0.103,0.138,0.165,0.193,0.256,0.424,0.315,0.275,0.505,0.387,0.446,0.29,0.143,0.135,,16
Consumer Staples,Household & Personal Products,Personal Products,EMPOWERED PRODUCTS INC,,,,,,,,,,,,,0.028,0.065,0.213,,,3
Consumer Staples,Household & Personal Products,Household Products,ENERGIZER HOLDINGS INC,,,,,,,,,,,,,,,0.118,0.19,0.14,3
Consumer Staples,Household & Personal Products,Personal Products,ENERTOPIA CORP,,,,,,,,,,,,,,0.137,,,,1
Consumer Staples,Food & Staples Retailing,Food & Staples Retailing,FAIRWAY GROUP HOLDINGS,,,,,,,,,,,,0.669,0.617,0.346,0.221,,,4
Consumer Staples,Food Beverage & Tobacco,Food Products,FARM FISH INC,0.016,,,,,,,,,,,,,,,,,1
Consumer Staples,Food Beverage & Tobacco,Food Products,FARMER BROS CO,0.448,0.153,0.129,0.236,0.184,0.209,0.301,0.269,0.472,0.563,0.254,0.161,0.153,0.147,0.274,0.201,0.56,17
Consumer Staples,Food Beverage & Tobacco,Food Products,FARMLAND INDUSTRIES INC,0.121,0.13,0.36,,,,,,,,,,,,,,,3
Consumer Staples,Food Beverage & Tobacco,Food Products,FEIHE INTERNATIONAL INC,,,,,,0.645,0.271,0.779,0.529,0.592,0.2,0.045,0.122,,,,,8
Consumer Staples,Household & Personal Products,Personal Products,FEMALE HEALTH CO,0.006,0.042,0.035,0.062,0.124,1.448,0.346,1.68,0.252,1.1,0.018,0.019,0.363,0.129,0.046,0.084,0.006,17
Consumer Staples,Food Beverage & Tobacco,Food Products,FIRST REPUBLIC CORP AMERICA,0.063,0.062,0.045,0.062,,,,,,,,,,,,,,4
Consumer Staples,Household & Personal Products,Personal Products,FIRST YEARS INC,0.267,0.354,0.44,0.188,,,,,,,,,,,,,,4
Consumer Staples,Household & Personal Products,Personal Products,FITLIFE BRANDS INC,,,,,,,,,1.914,0.122,0.06,0.023,0,0,0.5,4.333,,8
Consumer Staples,Food & Staples Retailing,Food & Staples Retailing,FLEMING COMPANIES INC,0.18,0.333,,,,,,,,,,,,,,,,2
Consumer Staples,Food Beverage & Tobacco,Food Products,FLOWERS FOODS INC,0.035,0.087,0.08,0.075,0.107,0.134,0.137,0.19,0.179,0.123,0.163,0.131,0.098,0.137,0.097,0.112,,16
Consumer Staples,Food Beverage & Tobacco,Beverages,FOMENTO ECONOMICO MEX  -ADR,0.1,0.109,0.096,0.12,0.078,0.082,0.102,0.112,0.136,0.136,0.125,0.209,0.268,0.263,0.204,0.198,,16
Consumer Staples,Food & Staples Retailing,Food & Staples Retailing,FOODARAMA SUPERMARKETS,0.186,0.157,0.186,0.259,0.134,0.017,,,,,,,,,,,,6
Consumer Staples,Food Beverage & Tobacco,Food Products,FOREVERGREEN WORLDWIDE CORP,0.983,0.184,0.349,3.514,0.408,0.001,0.177,0.491,0.728,0.006,0.035,0.004,0.013,5.141,5.193,0.643,,16
Consumer Staples,Food Beverage & Tobacco,Beverages,FOSTERS GROUP LTD  -ADR,,,0.094,0.113,0.097,0.109,0.093,0.079,0.06,0.059,0.051,0.05,,,,,,10
Consumer Staples,Food Beverage & Tobacco,Beverages,FREDERICK BREWING CO,0.026,0.008,,,,,,,,,,,,,,,,2
Consumer Staples,Food & Staples Retailing,Food & Staples Retailing,FRESH AMERICA CORP,0.061,0.13,,,,,,,,,,,,,,,,2
Consumer Staples,Food & Staples Retailing,Food & Staples Retailing,FRESH BRANDS INC,0.222,0.245,0.368,0.304,0.117,,,,,,,,,,,,,5
Consumer Staples,Food Beverage & Tobacco,Food Products,FRESH DEL MONTE PRODUCE INC,0.133,0.088,0.096,0.083,0.127,0.089,0.114,0.097,0.119,0.078,0.066,0.077,0.078,0.156,0.135,0.112,,16
Consumer Staples,Food & Staples Retailing,Food & Staples Retailing,FRESH MARKET INC,,,,,,,,,,0.193,0.215,0.43,0.316,0.422,0.241,0.249,,7
Consumer Staples,Food Beverage & Tobacco,Food Products,FRESHPET INC,,,,,,,,,,,,,,0.737,0.351,0.554,,3
Consumer Staples,Household & Personal Products,Personal Products,FUSE SCIENCE INC -OLD,0,,0.091,0,11.5,0,0,,,,,,,0.702,,,,7
Consumer Staples,Food & Staples Retailing,Food & Staples Retailing,G WILLI-FOOD INTL LTD,0.338,0.379,0.364,0.771,0.207,4.587,1.502,0.289,0.071,0.044,0.168,0.03,0.039,0.156,0.176,0.066,,16
Consumer Staples,Food Beverage & Tobacco,Food Products,GALAXY NUTRITIONAL FOODS INC,0.68,0.006,0.009,0.01,0.005,0.016,0.124,0.233,,,,,,,,,,8
Consumer Staples,Food Beverage & Tobacco,Tobacco,GALLAHER GROUP PLC  -ADR,0.309,0.372,0.261,0.226,0.19,0.153,,,,,,,,,,,,6
Consumer Staples,Food Beverage & Tobacco,Food Products,GARDENBURGER INC,0.083,0.093,1.831,0.151,0.121,0.025,,,,,,,,,,,,6
Consumer Staples,Food Beverage & Tobacco,Food Products,GARUDA CAPITAL CORP,,,,0.083,0.071,0.05,0.093,,,,,,,,,,,4
Consumer Staples,Food Beverage & Tobacco,Food Products,GENERAL MILLS INC,0.219,0.337,0.257,0.211,0.133,0.12,0.153,0.173,0.181,0.214,0.207,0.202,0.168,0.171,0.181,0.193,,16
Consumer Staples,Food Beverage & Tobacco,Food Products,GENESEE CORP  -CL B,0.081,,,,,,,,,,,,,,,,,1
Consumer Staples,Household & Personal Products,Personal Products,GENUFOOD ENERGY ENZYMES CORP,,,,,,,,,,,,,,19.8,,,,1
Consumer Staples,Household & Personal Products,Personal Products,GEOPHARMA INC,0.607,0.851,0.23,0.535,1.721,1.609,0.341,0.312,0.056,,,,,,,,,9
Consumer Staples,Household & Personal Products,Personal Products,GILLETTE CO,0.216,0.176,0.114,0.114,0.169,,,,,,,,,,,,,5
Consumer Staples,Food Beverage & Tobacco,Beverages,GLACIER WATER SERVICES,0.114,0.05,0.066,0.115,0.37,0.385,0.101,0.127,0.229,0.27,0.294,0.432,,,,,,12
Consumer Staples,Food Beverage & Tobacco,Food Products,GLG LIFE TECH CORP,,,,,,,3,0.939,2.555,0.489,0.142,0.085,0.007,0.002,0.03,0.024,,10
Consumer Staples,Food Beverage & Tobacco,Food Products,GLOBAL CLEAN ENERGY HOLDINGS,0,0,0,,,,0,4.984,7.442,0.333,0.332,0.656,0.228,0.061,0.028,0,,13
Consumer Staples,Household & Personal Products,Personal Products,GLOBAL PHARMATECH INC,,,,,,0.052,0.062,0.028,,,,,,,,,,3
Consumer Staples,Food Beverage & Tobacco,Food Products,GLOBAL SEAFOOD TECHNOLOGY,0.184,0.669,0.202,,,,,,,,,,,,,,,3
Consumer Staples,Food & Staples Retailing,Food & Staples Retailing,GOLD COAST MINING CORP/FL,,,,0.354,,,,,,,,,,,,,,1
Consumer Staples,Food Beverage & Tobacco,Food Products,GOLD KIST INC,0.12,0.14,0.169,0.151,0.186,,,,,,,,,,,,,5
Consumer Staples,Food Beverage & Tobacco,Food Products,GOLD KIST INC/DE,,,,,0.186,0.349,0.316,,,,,,,,,,,3
Consumer Staples,Food Beverage & Tobacco,Food Products,GOLDEN ENTERPRISES,0.162,0.349,0.05,0.063,0.195,0.117,0.127,0.178,0.383,0.589,0.25,0.212,0.157,0.088,0.106,0.048,,16
Consumer Staples,Food Beverage & Tobacco,Food Products,GOLDEN GROWERS COOPERATIVE,,,,,,,,,,,,,,0,0,0,,3
Consumer Staples,Food Beverage & Tobacco,Beverages,GOLDEN STATE VINTNERS INC,0.091,0.23,0.108,0.025,,,,,,,,,,,,,,4
Consumer Staples,Food & Staples Retailing,Food & Staples Retailing,GREAT ATLANTIC & PAC TEA CO,0.221,0.13,0.129,0.084,0.149,0.126,0.232,0.131,0.061,0.05,0.048,,,,,,,11
Consumer Staples,Household & Personal Products,Personal Products,GREENHOUSE SOLUTIONS INC,,,,,,,,,,,,,,,,0,,1
Consumer Staples,Food & Staples Retailing,Food & Staples Retailing,GRISTEDES FOODS INC,0.217,0.134,0.158,0.092,,,,,,,,,,,,,,4
Consumer Staples,Food Beverage & Tobacco,Food Products,GRUMA SAB DE CV  -ADR,0.129,0.054,0.041,0.045,0.07,0.098,0.159,0.148,0.131,0.06,0.053,0.081,0.146,0.069,0.079,0.117,,16
Consumer Staples,Food Beverage & Tobacco,Food Products,GRUPO INDL MASECA SA  -ADR,0.011,0.001,0.007,0.019,0.016,,,,,,,,,,,,,5
Consumer Staples,Household & Personal Products,Personal Products,GUEST SUPPLY INC,0.153,,,,,,,,,,,,,,,,,1
Consumer Staples,Food Beverage & Tobacco,Food Products,HAIN CELESTIAL GROUP INC,,,0.383,0.131,0.144,0.114,0.164,0.095,0.172,0.082,0.112,0.107,0.185,0.491,0.176,0.165,,14
Consumer Staples,Household & Personal Products,Personal Products,HANGOVER JOE'S HOLDING CORP,,,,,,,,,,,,0.032,0.02,0,,,,3
Consumer Staples,Food Beverage & Tobacco,Food Products,HANOVER FOODS CORP/PA,0.186,0.086,0.073,0.189,,,,,,,,,,,,,,4
Consumer Staples,Food & Staples Retailing,Food & Staples Retailing,HARRIS TEETER SUPERMARKETS,0.22,0.151,0.15,0.137,0.176,0.268,0.365,0.304,0.23,0.216,0.122,0.144,0.196,0.173,,,,14
Consumer Staples,Food Beverage & Tobacco,Beverages,HAWAIIAN NATURAL WATER INC,0.041,,,,,,,,,,,,,,,,,1
Consumer Staples,Food & Staples Retailing,Food & Staples Retailing,HEALTH SCIENCES GROUP INC,,0.667,0.096,0.712,0.002,0,,,,,,,,,,,,5
Consumer Staples,Household & Personal Products,Personal Products,HEALTHSPORT INC,,,0.001,0,,0,0,,0.418,0.274,,,,,,,,6
Consumer Staples,Food Beverage & Tobacco,Food Products,HEALTHY COFFEE INTL INC,,2.667,0.063,0,0,0,,,,,0.167,0.057,,,,,,7
Consumer Staples,Food Beverage & Tobacco,Beverages,HEINEKEN NV  -ADR,,,,,,,,,,0.111,0.1,0.102,0.151,0.163,0.155,0.169,,7
Consumer Staples,Household & Personal Products,Personal Products,HERBALIFE LTD,0.448,0.177,0.114,0.295,0.508,0.569,0.962,0.398,0.732,0.341,0.383,0.51,0.627,0.605,0.545,0.215,,16
Consumer Staples,Household & Personal Products,Personal Products,HERBORIUM GROUP INC,0.074,0.02,0.026,0,0,,0.067,0,2.25,0,0,0,,,,,,11
Consumer Staples,Food Beverage & Tobacco,Food Products,HERSHEY CO,0.092,0.101,0.086,0.147,0.109,0.108,0.111,0.115,0.171,0.087,0.128,0.225,0.166,0.193,0.192,0.153,,16
Consumer Staples,Food Beverage & Tobacco,Food Products,HIBERNIA FOODS PLC  -ADR,0.082,0.095,,,,,,,,,,,,,,,,2
Consumer Staples,Food Beverage & Tobacco,Food Products,HIGH PLAINS CORP,0.022,0.132,,,,,,,,,,,,,,,,2
Consumer Staples,Food Beverage & Tobacco,Food Products,HILLSHIRE BRANDS CO,0.298,0.229,0.312,0.236,0.158,0.164,0.199,0.18,0.186,0.142,0.158,0.163,0.191,0.159,0.171,,,15
Consumer Staples,Food Beverage & Tobacco,Food Products,HINES HORTICULTURE INC,0.223,0.087,0.051,0.04,0.043,0.078,0.098,,,,,,,,,,,7
Consumer Staples,Food & Staples Retailing,Food & Staples Retailing,HIPERMARC SA -ADR,0.212,0.098,0.008,0.002,,,,,,,,,,,,,,4
Consumer Staples,Food & Staples Retailing,Food & Staples Retailing,HOMELAND HOLDING CORP,0.075,0.019,,,,,,,,,,,,,,,,2
Consumer Staples,Food Beverage & Tobacco,Food Products,HORIZON ORGANIC HOLDING CORP,0.501,0.3,0.066,,,,,,,,,,,,,,,3
Consumer Staples,Food & Staples Retailing,Food & Staples Retailing,HORIZON PHARMACIES INC,0.341,,,,,,,,,,,,,,,,,1
Consumer Staples,Food Beverage & Tobacco,Food Products,HORMEL FOODS CORP,0.198,0.142,0.095,0.103,0.115,0.152,0.161,0.138,0.13,0.099,0.094,0.105,0.146,0.115,0.167,0.144,0.253,17
Consumer Staples,Food Beverage & Tobacco,Food Products,HOUSE OF BRUSSELS CHOCOLATES,,,0.009,0.683,1.129,,,,,,,,,,,,,3
Consumer Staples,Food Beverage & Tobacco,Food Products,HQ SUSTAINABLE MARITIME IND,,,,,,,0.185,0.174,0.774,0.468,,,,,,,,4
Consumer Staples,Household & Personal Products,Household Products,HRG GROUP INC,0.093,0.022,0.094,0.188,0.233,0.127,0,0,,,4.086,279.197,0.259,0.467,0.099,0.128,0.117,15
Consumer Staples,Household & Personal Products,Personal Products,HUMAN PHEROMONE SCIENCES INC,1.071,0.063,0.125,1.4,1.778,0.059,0,1.5,0,0,0,,,,,,,11
Consumer Staples,Food & Staples Retailing,Food & Staples Retailing,HURRY INC  -CL A,0.012,0.039,,,,,,,,,,,,,,,,2
Consumer Staples,Household & Personal Products,Personal Products,HYDRON TECHNOLOGIES INC,0,0.09,0,1.667,0,1.923,0.132,0.017,0.385,0,,,,,,,,10
Consumer Staples,Household & Personal Products,Household Products,HYMEDIX INC,83,0,,,,,,,,,,,,,,,,2
Consumer Staples,Food Beverage & Tobacco,Food Products,IBP INC,0.344,,,,,,,,,,,,,,,,,1
Consumer Staples,Food Beverage & Tobacco,Beverages,ICEBERG CORP AMERICA,0.071,0.011,,,,,,,,,,,,,,,,2
Consumer Staples,Food Beverage & Tobacco,Beverages,ICY SPLASH FOOD & BEVERAGE,0.222,0,0.75,0.25,4,,,,,,,,,,,,,5
Consumer Staples,Household & Personal Products,Personal Products,IMAGENETIX INC,,,,,0.046,2.326,0.531,0.152,0.384,0.052,0.022,,,,,,,7
Consumer Staples,Food Beverage & Tobacco,Tobacco,IMPERIAL BRANDS PLC -ADR,,,0.23,0.172,0.157,0.135,0.126,0.24,0.292,0.121,0.132,0.172,0.152,0.133,0.123,0.097,0.08,15
Consumer Staples,Food Beverage & Tobacco,Food Products,IMPERIAL GINSENG PRODS LTD,0.012,0.04,0.042,0.083,0.239,0.131,0.259,0.106,0.09,0.056,0.241,0.2,3.224,0.05,0.599,0.116,0.484,17
Consumer Staples,Food Beverage & Tobacco,Food Products,IMPERIAL SUGAR CO,0.041,0.032,0.053,0.077,0.135,0.078,0.087,0.142,0.2,2.056,0.286,0.089,,,,,,12
Consumer Staples,Food Beverage & Tobacco,Food Products,INDUSTRIAS BACHOCO SAB  -ADR,0.045,0.092,0.034,0.098,0.057,0.099,0.096,0.103,0.089,0.098,0.054,0.059,0.098,0.048,0.098,0.136,0.169,17
Consumer Staples,Household & Personal Products,Personal Products,INERGETICS INC,,,0.902,0.065,0.206,0,0,0,7,0,0,,,,,,,9
Consumer Staples,Food & Staples Retailing,Food & Staples Retailing,INGLES MARKETS INC  -CL A,0.156,0.104,0.069,0.105,0.096,0.081,0.127,0.166,0.296,0.137,0.086,0.09,0.159,0.085,0.089,0.085,0.114,17
Consumer Staples,Food Beverage & Tobacco,Food Products,INGREDION INC,0.106,0.067,0.06,0.072,0.088,0.118,0.134,0.131,0.152,0.101,0.102,0.124,0.145,0.136,0.128,0.134,,16
Consumer Staples,Food & Staples Retailing,Food & Staples Retailing,INNOVATIVE FOOD HOLDINGS,,,,,,,,,,,,0.333,2.278,2.336,0.005,0.807,,5
Consumer Staples,Household & Personal Products,Personal Products,INTEGRATED BIOPHARMA INC,0.11,0.08,0.136,0.172,1.534,0.241,0.075,0.266,0.115,0.016,0.043,0.175,0.097,0.021,0.147,0.19,0.079,17
Consumer Staples,Household & Personal Products,Personal Products,INTER PARFUMS INC,0.505,0.776,0.338,0.604,0.655,0.377,0.592,0.35,0.524,0.72,0.662,0.887,0.652,0.408,0.316,0.453,,16
Consumer Staples,Food Beverage & Tobacco,Food Products,INTERCORP EXCELLE INC,0.321,,,,,,,,,,,,,,,,,1
Consumer Staples,Food Beverage & Tobacco,Food Products,INTERSTATE BAKERIES CORP,0.099,0.086,0.117,0.065,0.036,0.046,0.046,0.04,,,,,,,,,,8
Consumer Staples,Household & Personal Products,Household Products,INTL ABSORBENTS INC,0.39,0.118,2.17,1.539,0.69,0.117,0.184,0.187,0.074,0.088,,,,,,,,10
Consumer Staples,Household & Personal Products,Personal Products,INTL COSMETICS MARKETING CO,,2.115,1.129,,,,,,,,,,,,,,,2
Consumer Staples,Food Beverage & Tobacco,Food Products,INTL MULTIFOODS CORP,0.172,0.142,0.143,0.151,,,,,,,,,,,,,,4
Consumer Staples,Food Beverage & Tobacco,Food Products,INVENTURE FOODS INC,0.046,0.216,0.042,0.086,0.039,0.052,0.128,0.199,0.164,0.106,0.338,0.347,0.169,0.287,0.236,0.2,,16
Consumer Staples,Household & Personal Products,Personal Products,ISATORI INC,,,,,,,,,,,,,,1.023,0.236,,,2
Consumer Staples,Food & Staples Retailing,Food & Staples Retailing,ITO YOKADO CO LTD  -ADR,0.13,0.102,0.166,0.119,0.15,,,,,,,,,,,,,5
Consumer Staples,Food Beverage & Tobacco,Food Products,J & J SNACK FOODS CORP,0.343,0.157,0.195,0.204,0.248,0.242,0.222,0.266,0.244,0.292,0.345,0.265,0.343,0.253,0.264,0.318,0.28,17
Consumer Staples,Food Beverage & Tobacco,Food Products,JAMMIN JAVA CORP,,,,,,,,,,,0,12,1.6,22.3,0,0.121,,6
Consumer Staples,Food Beverage & Tobacco,Food Products,JBS USA HOLDINGS INC -REDH,,,,,,,,,0.098,,,,,,,,,1
Consumer Staples,Household & Personal Products,Personal Products,JOEY NEW YORK INC,,,,,,,,,,,,,,,,0.25,,1
Consumer Staples,Food Beverage & Tobacco,Beverages,JONES SODA CO,,,,,0.341,0.075,0.474,0.419,0.233,0.048,0.04,2.622,0.028,0,0,1.36,,12
Consumer Staples,Food Beverage & Tobacco,Food Products,KAIBO FOODS COMPANY LTD,,,,,,,,,,,,0.036,,,,,,1
Consumer Staples,Household & Personal Products,Household Products,KATY INDUSTRIES INC,0.102,0.096,0.084,0.153,0.194,0.157,0.08,0.105,0.222,0.06,0.034,0.022,0.045,0.058,0.119,0.383,,16
Consumer Staples,Food Beverage & Tobacco,Food Products,KEEBLER FOODS CO,0.167,,,,,,,,,,,,,,,,,1
Consumer Staples,Food Beverage & Tobacco,Food Products,KELLOGG CO,0.087,0.109,0.086,0.087,0.1,0.138,0.171,0.168,0.154,0.129,0.157,0.19,0.162,0.168,0.151,0.147,,16
Consumer Staples,Food Beverage & Tobacco,Food Products,KEURIG GREEN MOUNTAIN INC,0.451,0.591,0.767,0.329,0.863,0.259,0.345,0.448,0.742,0.494,0.868,1.095,0.693,0.247,0.343,0.351,,16
Consumer Staples,Household & Personal Products,Household Products,KIMBERLY-CLARK CORP,0.188,0.159,0.119,0.115,0.065,0.089,0.13,0.129,0.112,0.111,0.12,0.116,0.136,0.118,0.131,0.143,0.109,17
Consumer Staples,Food Beverage & Tobacco,Beverages,KIRIN HOLDINGS CO LTD  -ADR,0.163,,0.157,0.11,0.116,0.095,0.102,0.118,0.249,0.136,0.157,0.115,0.115,0.127,0.138,0.096,,15
Consumer Staples,Food Beverage & Tobacco,Food Products,KONARED CORP,,,,,,,,,,,,,,,,0,,1
Consumer Staples,Food & Staples Retailing,Food & Staples Retailing,KONINKLIJKE AHOLD DLHZE -ADR,0.273,0.217,0.169,0.129,0.15,0.132,0.154,0.124,0.166,0.132,0.136,0.115,0.141,0.128,0.103,0.108,,16
Consumer Staples,Food Beverage & Tobacco,Food Products,KRAFT FOODS GROUP INC,,,,,,,,,,,,0.094,0.103,0.132,0.13,,,4
Consumer Staples,Food Beverage & Tobacco,Food Products,KRAFT HEINZ CO,0.174,0.098,0.068,0.118,0.117,0.107,0.129,0.151,0.139,0.14,0.16,0.167,0.161,,0.15,0.274,,15
Consumer Staples,Food & Staples Retailing,Food & Staples Retailing,KROGER CO,0.196,0.243,0.196,0.19,0.146,0.114,0.148,0.18,0.172,0.175,0.138,0.134,0.143,0.157,0.168,0.187,,16
Consumer Staples,Household & Personal Products,Personal Products,LAMAUR CORP,0,,,,,,,,,,,,,,,,,1
Consumer Staples,Food Beverage & Tobacco,Food Products,LAMB WESTON HOLDINGS INC,,,,,,,,,,,,,,,,0.152,,1
Consumer Staples,Food Beverage & Tobacco,Food Products,LANCASTER COLONY CORP,0.14,0.131,0.13,0.18,0.113,0.142,0.402,0.298,0.081,0.063,0.075,0.213,0.088,0.131,0.084,0.108,0.097,17
Consumer Staples,Food Beverage & Tobacco,Food Products,LAND O'LAKES INC,,0.172,0.129,0.108,0.131,0.099,0.125,0.137,0.311,0.225,0.198,0.238,0.276,0.209,0.175,0.253,,15
Consumer Staples,Food Beverage & Tobacco,Food Products,LANDEC CORP,0.485,0.285,0.127,0.17,0.199,0.275,0.357,0.209,0.215,0.228,0.133,0.104,0.14,0.226,0.236,0.484,,16
Consumer Staples,Household & Personal Products,Personal Products,LAUDER (ESTEE) COS INC -CL A,0.472,0.4,0.384,0.281,0.34,0.355,0.375,0.412,0.406,0.268,0.264,0.343,0.368,0.374,0.378,0.315,0.353,17
Consumer Staples,Food Beverage & Tobacco,Food Products,LE GAGA HOLDINGS LTD  -ADR,,,,,,,,,,0.65,0.756,0.6,,0.568,0.233,,,5
Consumer Staples,Food Beverage & Tobacco,Beverages,LEADING BRANDS INC,0.101,0.067,0.118,0.059,0.026,0.018,0.159,0.346,0.062,0.044,0.07,0.044,0.163,0.055,0.05,0.02,,16
Consumer Staples,Household & Personal Products,Personal Products,LEE PHARMACEUTICALS,0.642,0.375,0.222,0.6,0.569,,,,,,,,,,,,,5
Consumer Staples,Food & Staples Retailing,Food & Staples Retailing,LIBERATOR MEDICAL HLDGS INC,,,,,,,,,,,,0.198,0.093,0.294,0.186,0.092,,5
Consumer Staples,Household & Personal Products,Personal Products,LIFESMART NUTRITION TECH INC,0.143,0.016,,,,,,,,,,,,,,,,2
Consumer Staples,Household & Personal Products,Personal Products,LIFEVANTAGE CORP,,,,,,,,,,,,0.622,9.623,2.544,0.333,0.167,0.098,6
Consumer Staples,Food Beverage & Tobacco,Food Products,LIFEWAY FOODS INC,0.242,0.142,0.052,0.093,0.088,1.438,0.088,0.213,0.223,0.16,0.156,0.095,0.094,0.566,0.177,0.091,,16
Consumer Staples,Food Beverage & Tobacco,Food Products,LIMONEIRA CO,,,,,,,,,,0.066,0.051,0.106,0.084,0.082,0.151,0.179,0.139,8
Consumer Staples,Food Beverage & Tobacco,Food Products,LINCOLN SNACKS CO,0.223,,,,,,,,,,,,,,,,,1
Consumer Staples,Household & Personal Products,Personal Products,LIVEWIRE ERGOGENICS INC,,,,,,,,,,,,,2.429,0,0.714,,,3
Consumer Staples,Food & Staples Retailing,Food & Staples Retailing,LONGS DRUG STORES CORP,,,0.157,0.191,0.149,0.172,0.24,0.232,,,,,,,,,,6
Consumer Staples,Household & Personal Products,Personal Products,LOREAL CO  -ADR,0.32,0.332,0.361,0.384,0.302,0.298,0.337,0.327,0.268,0.235,0.241,0.316,0.337,0.374,0.29,0.335,,16
Consumer Staples,Food Beverage & Tobacco,Tobacco,LORILLARD INC,0.153,0.207,0.285,0.285,0.23,0.135,0.139,0.26,0.213,0.234,0.169,0.23,0.282,0.208,0.13,,,15
Consumer Staples,Food Beverage & Tobacco,Food Products,LUCILLE FARMS INC,0.138,0.186,0.041,0.043,0.052,,,,,,,,,,,,,5
Consumer Staples,Food Beverage & Tobacco,Food Products,LUIGINOS INC,,0.13,0.15,,,,,,,,,,,,,,,2
Consumer Staples,Food Beverage & Tobacco,Food Products,MAMAMANCINI'S HOLDINGS INC,,,,,,,,,,,,,,51.647,0.341,0.185,,3
Consumer Staples,Household & Personal Products,Personal Products,MANNATECH INC,0.292,0.099,0.094,0.119,1.313,1.31,1.398,0.325,0.126,0.076,0.064,0.041,0.04,0.125,0.474,0.482,,16
Consumer Staples,Food Beverage & Tobacco,Food Products,MARGO CARIBE INC,0.161,0.143,0.13,1.21,0.185,0.126,,,,,,,,,,,,6
Consumer Staples,Food Beverage & Tobacco,Food Products,MARINE HARVEST ASA  -ADR,,,,,,,,,,,,,0.189,0.439,0.214,0.198,,4
Consumer Staples,Food & Staples Retailing,Food & Staples Retailing,MARSH SUPERMARKETS  -CL B,0.184,0.215,0.153,0.085,0.215,0.118,,,,,,,,,,,,6
Consumer Staples,Food Beverage & Tobacco,Beverages,MBC HOLDING CO,3.144,,,,,,,,,,,,,,,,,1
Consumer Staples,Food Beverage & Tobacco,Food Products,MCCORMICK & CO INC,0.148,0.301,0.261,0.196,0.152,0.152,0.181,0.167,0.176,0.179,0.182,0.198,0.211,0.183,0.23,0.213,0.249,17
Consumer Staples,Food Beverage & Tobacco,Tobacco,MCIG INC,,,,,,,,,,,,,,,,0,,1
Consumer Staples,Food Beverage & Tobacco,Food Products,MEAD JOHNSON NUTRITION CO,,,,,,,,0.191,0.184,0.211,0.344,0.199,0.216,0.348,0.215,0.19,0.155,10
Consumer Staples,Household & Personal Products,Personal Products,MEDICAL NUTRITION USA INC,13.4,0,0.192,0.75,1.667,0.486,1.349,0.589,1.09,0.185,,,,,,,,10
Consumer Staples,Household & Personal Products,Personal Products,MEDIFAST INC,0.122,0.05,5.185,0.741,0.276,0.192,0.583,0.367,0.436,0.236,0.519,0.467,0.293,0.289,0.174,0.084,,16
Consumer Staples,Food Beverage & Tobacco,Beverages,MENDOCINO BREWING CO INC,,,,,,,,,,,,,0.132,0.069,0.077,0.058,,4
Consumer Staples,Food Beverage & Tobacco,Food Products,MERISANT WORLDWIDE INC,,,,0.143,,,,,,,,,,,,,,1
Consumer Staples,Food Beverage & Tobacco,Beverages,MGP INGREDIENTS INC,0.083,0.144,0.141,0.175,0.346,0.211,0.16,0.19,0.056,0.019,0.033,0.223,0.146,0.082,0.099,0.478,,16
Consumer Staples,Food Beverage & Tobacco,Food Products,MHP SA,,,,,,,,,,,0.222,0.315,0.255,0.117,0.075,0.098,,6
Consumer Staples,Food Beverage & Tobacco,Food Products,MICHAEL FOODS INC,0.13,,,,,,,,,,,,,,,,,1
Consumer Staples,Household & Personal Products,Personal Products,MICHAEL JAMES ENTERPRISES,,,,,,,,,,,,,,0.3,0,0,,3
Consumer Staples,Household & Personal Products,Household Products,MICROBEST INC,0,0,,,,,,,,,,,,,,,,2
Consumer Staples,Food & Staples Retailing,Food & Staples Retailing,MILITARY RESALE GROUP INC,,,0.016,0.036,,,,,,,,,,,,,,2
Consumer Staples,Household & Personal Products,Personal Products,MIX 1 LIFE INC,,,,,,,,,,,,,,,,25.6,,1
Consumer Staples,Food Beverage & Tobacco,Beverages,MOJO ORGANICS INC,,,,,,,,,,,,,,2,0.5,0.667,,3
Consumer Staples,Food Beverage & Tobacco,Beverages,MOLSON COORS BREWING CO,,,0.275,0.174,0.146,0.281,0.194,0.177,0.085,0.096,0.138,0.17,0.155,0.147,0.132,0.153,,14
Consumer Staples,Food Beverage & Tobacco,Beverages,MONDAVI ROBERT CORP  -CL A,0.313,0.162,0.092,0.079,0.055,,,,,,,,,,,,,5
Consumer Staples,Food Beverage & Tobacco,Food Products,MONDELEZ INTERNATIONAL INC,0.139,0.117,0.13,0.114,0.099,0.117,0.119,0.128,0.127,0.134,0.155,0.128,0.117,0.162,0.16,0.154,,16
Consumer Staples,Food Beverage & Tobacco,Beverages,MONSTER BEVERAGE CORP,2.365,0.284,0.214,0.873,0.45,0.513,0.734,0.738,0.784,1.637,0.377,0.74,0.951,0.59,0.317,0.395,,16
Consumer Staples,Food Beverage & Tobacco,Food Products,MONTEREY GOURMET FOODS INC,0.635,0.268,0.431,0.213,0.05,0.073,0.21,0.088,0.396,,,,,,,,,9
Consumer Staples,Household & Personal Products,Personal Products,MUSCLEPHARM CORP,,,,,,,,,,,,,,1.409,1.572,0.189,,3
Consumer Staples,Household & Personal Products,Personal Products,MYOS RENS TECHNOLOGY INC,,,,,,,,,,,,,2.333,46.625,0.067,0.086,,4
Consumer Staples,Food & Staples Retailing,Food & Staples Retailing,NASH FINCH CO,0.229,0.171,0.192,0.152,0.085,0.115,0.113,0.097,0.158,0.153,0.276,0.286,0.145,,,,,13
Consumer Staples,Food Beverage & Tobacco,Food Products,NATIONAL BEEF INC -REDH,,,,,,,,,0.219,,,,,,,,,1
Consumer Staples,Food Beverage & Tobacco,Beverages,NATIONAL BEVERAGE CORP,0.097,0.115,0.147,0.144,0.218,0.127,0.196,0.17,0.116,0.149,0.213,0.179,0.171,0.212,0.195,0.202,,16
Consumer Staples,Household & Personal Products,Personal Products,NATROL INC,0.03,0.02,0.084,0.022,0.055,0.042,0.02,,,,,,,,,,,7
Consumer Staples,Household & Personal Products,Personal Products,NATURADE INC,0.098,0.513,0.023,0.044,0,0.063,0.168,0,,,,,,,,,,8
Consumer Staples,Household & Personal Products,Personal Products,NATURAL ALTERNATIVES,0.42,0.064,0.08,0.079,0.307,0.677,0.139,0.171,0.091,0.353,0.179,0.132,0.198,0.152,0.291,0.194,1.368,17
Consumer Staples,Food & Staples Retailing,Food & Staples Retailing,NATURAL GROCERS VITAMIN CTGE,,,,,,,,,,,,0.731,0.605,0.615,0.369,0.306,0.37,6
Consumer Staples,Household & Personal Products,Personal Products,NATURAL HEALTH TRENDS CORP,0.012,2.518,4.77,0.797,0.17,5.389,0.577,0.116,0.195,0.004,0.003,0.034,1.412,1.736,1.279,1.492,,16
Consumer Staples,Food Beverage & Tobacco,Food Products,NATURALSHRIMP INC,,,,,,,,,,,,,,,0.019,0.026,,2
Consumer Staples,Household & Personal Products,Personal Products,NATURES SUNSHINE PRODS INC,0.199,0.612,0.172,0.107,0.251,0.123,0.08,0.146,0.265,0.106,0.09,0.088,0.264,0.307,0.821,0.439,,16
Consumer Staples,Household & Personal Products,Personal Products,NBTY INC,0.273,0.174,0.094,0.173,0.143,0.255,0.11,0.166,0.152,0.104,0.187,0.113,0.18,0.252,0.184,0.193,,16
Consumer Staples,Food & Staples Retailing,Food & Staples Retailing,NEIGHBORCARE INC,0.085,0.039,0.063,0.075,0.039,,,,,,,,,,,,,5
Consumer Staples,Household & Personal Products,Personal Products,NEPTUNE TECH & BIORESSOURCES,,17.707,1.044,0.024,0.002,0.039,0.287,0.047,0.175,0.861,0.145,0.127,2.418,0.99,0.429,0.024,,15
Consumer Staples,Food Beverage & Tobacco,Food Products,NESTLE SA  -ADR,0.17,0.189,0.216,0.219,0.205,0.172,0.24,0.266,0.235,0.224,0.234,0.223,0.229,0.188,0.13,0.135,,16
Consumer Staples,Food Beverage & Tobacco,Food Products,NEW DRAGON ASIA CORP,0.121,4.441,0.041,0.004,0.103,0.184,0.23,0.066,0.045,0.594,0.008,,,,,,,11
Consumer Staples,Food Beverage & Tobacco,Food Products,NEW WORLD PASTA CO,,0.127,,,,,,,,,,,,,,,,1
Consumer Staples,Food & Staples Retailing,Food & Staples Retailing,NEXT GENERATION MGMT CORP,0.023,0.001,0.251,0.242,0.215,1.128,0.803,3.581,0,0,0,0.156,,0,,,,13
Consumer Staples,Household & Personal Products,Personal Products,NEXTERA ENTERPRISES INC,0.811,0.223,0.166,0.462,6.714,0,9.091,0.187,,,,,,,,,,8
Consumer Staples,Food Beverage & Tobacco,Food Products,NOMAD FOODS LTD,,,,,,,,,,,,,,,0.085,0.068,,2
Consumer Staples,Food Beverage & Tobacco,Tobacco,NORTH ATLANTIC TRADING INC,0.078,0.114,0.119,0.303,0.394,0.444,0.117,,,,,,,,,,,7
Consumer Staples,Food Beverage & Tobacco,Food Products,NORTHLAND CRANBERRIES  -CL A,0.032,0.003,0.011,0.022,0.016,,,,,,,,,,,,,5
Consumer Staples,Household & Personal Products,Personal Products,NU SKIN ENTERPRISES  -CL A,0.397,0.25,0.332,0.425,0.578,0.404,0.424,0.265,0.181,0.246,0.678,0.313,0.646,0.806,0.256,0.122,,16
Consumer Staples,Household & Personal Products,Personal Products,NUTRACEUTICAL INTL CORP,0.444,0.313,0.249,0.153,0.255,0.302,0.562,0.32,0.452,0.175,0.207,0.201,0.138,0.111,0.148,0.108,0.115,17
Consumer Staples,Household & Personal Products,Personal Products,NUTRAFUELS INC,,,,,,,,,,,,,,,0.098,,,1
Consumer Staples,Household & Personal Products,Personal Products,NUTRASTAR INTERNATIONAL INC,,,,,,,,0,,0.004,0.041,0.743,0.018,0,0,,,7
Consumer Staples,Food & Staples Retailing,Food & Staples Retailing,NUTRITIONAL SOURCING CORP,0.143,0.044,0.066,0.039,0.042,,,,,,,,,,,,,5
Consumer Staples,Household & Personal Products,Personal Products,NUVIM INC,,,,,0.033,0,0,0,,,,,,,,,,4
Consumer Staples,Food & Staples Retailing,Food & Staples Retailing,NYER MEDICAL GROUP INC,0.122,,0.281,0.211,0.377,0.3,0.351,0.207,0.345,0.442,,,,,,,,9
Consumer Staples,Household & Personal Products,Household Products,OCEAN BIO-CHEM INC,0.316,0.146,0.454,0.148,0.074,0.1,0.037,0.014,0.053,0.068,0.116,0.087,0.148,0.096,0.162,0.193,,16
Consumer Staples,Food Beverage & Tobacco,Food Products,ODWALLA INC,0.415,0.357,,,,,,,,,,,,,,,,2
Consumer Staples,Household & Personal Products,Household Products,OIL DRI CORP AMERICA,0.095,0.094,0.073,0.1,0.124,0.153,0.226,0.151,0.142,0.297,0.175,0.221,0.102,0.152,0.281,0.212,0.134,17
Consumer Staples,Food Beverage & Tobacco,Food Products,OMEGA PROTEIN CORP,0.077,0.022,0.095,0.185,0.269,0.18,0.216,0.082,0.235,0.166,0.139,0.211,0.204,0.231,0.303,0.204,,16
Consumer Staples,Household & Personal Products,Personal Products,OMNI NUTRACEUTICALS INC,0.148,,,,,,,,,,,,,,,,,1
Consumer Staples,Food Beverage & Tobacco,Food Products,OPTA FOOD INGREDIENTS INC,0.076,0.134,,,,,,,,,,,,,,,,2
Consumer Staples,Household & Personal Products,Personal Products,ORALABS HOLDING CORP,1.044,0.78,0.242,0.304,1.38,0.448,,,,,,,,,,,,6
Consumer Staples,Household & Personal Products,Household Products,ORCHIDS PAPER PRODUCTS,,,,,0.324,0.755,0.43,0.031,0.122,0.259,0.368,0.059,0.073,0.133,0.269,0.528,,12
Consumer Staples,Food Beverage & Tobacco,Food Products,ORIGIN AGRITECH LTD,,,,,0.279,0.671,0.135,0.353,0.152,0.128,0.106,0.365,0.556,0.205,0.03,0.042,0.046,13
Consumer Staples,Household & Personal Products,Personal Products,OUTSOURCING SVCS GROUP INC,0.208,0.265,,,,,,,,,,,,,,,,2
Consumer Staples,Food Beverage & Tobacco,Food Products,OVERHILL FARMS INC,,0.284,1.046,0.57,0.08,0.13,0.188,0.622,0.069,0.115,0.109,0.087,0.072,,,,,12
Consumer Staples,Household & Personal Products,Personal Products,PACIFICHEALTH LABORATORIES,0.357,0.432,0.81,0.507,1.7,0.171,0.923,2.797,1.146,0.802,0.369,0.302,,,,,,12
Consumer Staples,Food Beverage & Tobacco,Food Products,PACKAGED ICE INC,0.126,0.086,0.079,,,,,,,,,,,,,,,3
Consumer Staples,Food Beverage & Tobacco,Beverages,PANACHE BEVERAGE INC,,,,,,,,,,,,,1.571,90.455,,,,2
Consumer Staples,Food Beverage & Tobacco,Beverages,PANAMERICAN BEVERAGES  -CL A,0.129,0.096,0.12,,,,,,,,,,,,,,,3
Consumer Staples,Food & Staples Retailing,Food & Staples Retailing,PANTRY INC,0.134,0.093,0.056,0.058,0.13,0.126,0.154,0.196,0.107,0.124,0.098,0.1,0.07,0.094,0.112,,,15
Consumer Staples,Food Beverage & Tobacco,Food Products,PARADISE INC,0.121,0.163,0.072,0.096,0.121,0.211,0.133,0.044,0.056,0.033,0.033,0.083,0.055,0.084,0.036,0.256,,16
Consumer Staples,Household & Personal Products,Household Products,PARAGON TRADE BRANDS INC,0.146,,,,,,,,,,,,,,,,,1
Consumer Staples,Household & Personal Products,Personal Products,PARLUX FRAGRANCES INC,0.697,0.462,0.262,0.229,0.344,0.663,4.483,0.284,0.035,0.723,0.36,,,,,,,11
Consumer Staples,Food & Staples Retailing,Food & Staples Retailing,PATHMARK STORES INC,0.1,0.219,0.184,0.114,0.169,0.112,0.127,,,,,,,,,,,7
Consumer Staples,Household & Personal Products,Personal Products,PC GROUP INC,0.052,0.398,0.476,1.485,0.48,0.138,0.217,0.163,0.052,0.075,0.095,,,,,,,11
Consumer Staples,Food & Staples Retailing,Food & Staples Retailing,PENN TRAFFIC CO,0.202,0.149,,,,,0.199,0.074,0.065,,,,,,,,,5
Consumer Staples,Food Beverage & Tobacco,Food Products,PENNEXX FOODS INC,,0.38,5.407,,,,,,,,,,,,,,,2
Consumer Staples,Household & Personal Products,Household Products,PENNZOIL-QUAKER STATE CO,0.156,0.109,,,,,,,,,,,,,,,,2
Consumer Staples,Food Beverage & Tobacco,Beverages,PEPSI BOTTLING GROUP INC,0.232,0.251,0.245,0.195,0.209,0.2,0.199,0.226,0.186,0.143,,,,,,,,10
Consumer Staples,Food Beverage & Tobacco,Beverages,PEPSI-GEMEX SA DE CV  -GDR,0.164,0.165,,,,,,,,,,,,,,,,2
Consumer Staples,Food Beverage & Tobacco,Beverages,PEPSIAMERICAS INC,0.199,0.218,0.205,0.14,0.108,0.164,0.152,0.232,0.187,0.174,,,,,,,,10
Consumer Staples,Food Beverage & Tobacco,Beverages,PEPSICO INC,0.203,0.243,0.209,0.182,0.177,0.213,0.238,0.251,0.218,0.182,0.257,0.175,0.138,0.146,0.154,0.16,,16
Consumer Staples,Food & Staples Retailing,Food & Staples Retailing,PERFORMANCE FOOD GROUP CO,0.272,0.211,0.233,0.384,0.23,0.197,0.21,0.257,,,,,,,,0.173,0.201,10
Consumer Staples,Food & Staples Retailing,Food & Staples Retailing,PHAR-MOR INC,0.182,0.053,0.033,,,,,,,,,,,,,,,3
Consumer Staples,Food Beverage & Tobacco,Tobacco,PHILIP MORRIS INTERNATIONAL,,,,,,,,0.205,0.171,0.113,0.112,0.138,0.169,0.181,0.171,0.158,,9
Consumer Staples,Food Beverage & Tobacco,Beverages,PHLO CORP,0.143,0,,,,,,,,,,,,,,,,2
Consumer Staples,Household & Personal Products,Personal Products,PHYSICIANS FORMULA HOLDINGS,,,,,,0.312,0.462,0.982,0.342,0.131,0.067,0.175,,,,,,7
Consumer Staples,Food Beverage & Tobacco,Food Products,PIERRE FOODS INC,0.077,0.172,0.375,0.181,0.095,0.127,0.154,0.079,,,,,,,,,,8
Consumer Staples,Food Beverage & Tobacco,Food Products,PILGRIM'S PRIDE CORP,0.253,0.27,0.107,0.07,0.108,0.099,0.125,0.149,0.085,0.053,0.12,0.1,0.073,0.098,0.149,0.149,,16
Consumer Staples,Food Beverage & Tobacco,Food Products,PINGTAN MARINE ENTERPRISE,,,,,,,,,,,,,,,0.009,0.511,,2
Consumer Staples,Food Beverage & Tobacco,Food Products,PINNACLE FOODS INC,,,,,,,,,,0.2,0.197,0.262,0.156,0.17,0.197,0.179,,7
Consumer Staples,Household & Personal Products,Personal Products,PLANET BIOPHARMACEUTICALS,0.112,0.138,0,0,,0.26,0,,,,,,,,,,,6
Consumer Staples,Household & Personal Products,Personal Products,PLAYTEX PRODUCTS INC,0.212,0.169,0.132,0.153,0.111,0.086,0.15,,,,,,,,,,,7
Consumer Staples,Food Beverage & Tobacco,Food Products,POST HOLDINGS INC,,,,,,,,,,,,0.033,0.075,0.081,0.297,0.13,0.091,6
Consumer Staples,Food Beverage & Tobacco,Food Products,PREMIUM BRANDS HLDGS CORP,0.324,0.062,0.078,0.104,0.091,0.089,0.261,0.17,0.182,0.096,0.081,0.304,0.185,0.083,0.243,0.121,,16
Consumer Staples,Food Beverage & Tobacco,Food Products,PREMIUM STANDARD FARMS INC,,,,0.086,0.097,0.112,,,,,,,,,,,,3
Consumer Staples,Food & Staples Retailing,Food & Staples Retailing,PRICESMART INC,1.631,0.352,0.211,0.12,0.022,0.062,0.229,0.191,0.131,0.247,0.217,0.177,0.187,0.235,0.349,0.209,0.179,17
Consumer Staples,Food Beverage & Tobacco,Beverages,PRIMO WATER CORP,,,,,,,,,,0.137,0.393,0.547,0.105,0.159,0.185,0.207,,7
Consumer Staples,Food & Staples Retailing,Food & Staples Retailing,PRO-FAC COOPERATIVE INC,0.073,0.075,0.049,0.008,,,0.333,0,0.308,0,,,,,,,,8
Consumer Staples,Household & Personal Products,Household Products,PROCTER & GAMBLE CO,0.239,0.182,0.128,0.111,0.154,0.155,0.186,0.157,0.156,0.157,0.158,0.172,0.186,0.197,0.178,0.168,0.164,17
Consumer Staples,Food Beverage & Tobacco,Food Products,PROVENA FOODS INC,0.045,0.012,0.02,0.109,0.025,0.006,,,,,,,,,,,,6
Consumer Staples,Food & Staples Retailing,Food & Staples Retailing,PUBLIX SUPER MARKETS INC,0.272,0.277,0.232,0.186,0.127,0.108,0.158,0.22,0.383,0.17,0.11,0.139,0.155,0.143,0.286,0.216,,16
Consumer Staples,Food Beverage & Tobacco,Beverages,PULSE BEVERAGE CORP,,,,,,,,,,,,,,0.077,0.041,0.288,,3
Consumer Staples,Household & Personal Products,Household Products,PURE BIOSCIENCE INC,0.624,0.038,0.183,0.002,0.039,0.569,1.783,2.482,0.31,0.094,0.261,0.02,0.023,0.047,0.144,2.25,4.333,17
Consumer Staples,Food Beverage & Tobacco,Beverages,PYRAMID BREWERIES INC,0.036,0.051,0.113,0.152,0.047,0.034,0.033,0.091,,,,,,,,,,8
Consumer Staples,Food & Staples Retailing,Food & Staples Retailing,QKL STORES INC,,,,,,,,,0.39,1.51,0.293,0.954,0.219,0.013,0.105,0.012,,8
Consumer Staples,Food Beverage & Tobacco,Food Products,QUAKER OATS CO,0.258,,,,,,,,,,,,,,,,,1
Consumer Staples,Food Beverage & Tobacco,Beverages,QUILMES INDL QUINSA  -ADR,0.084,0.102,0.031,0.066,0.124,0.231,0.233,,,,,,,,,,,7
Consumer Staples,Household & Personal Products,Personal Products,RADIANT CREATIONS GROUP INC,,,,,,,,,,,,,,,0.222,,,1
Consumer Staples,Food Beverage & Tobacco,Food Products,RALCORP HOLDINGS INC,,,0.101,0.128,0.203,0.166,0.163,0.129,0.136,0.127,0.141,0.104,0.204,,,,,11
Consumer Staples,Food Beverage & Tobacco,Food Products,RALSTON PURINA CO,0.104,,,,,,,,,,,,,,,,,1
Consumer Staples,Food Beverage & Tobacco,Beverages,RAVENSWOOD WINERY INC,0.6,,,,,,,,,,,,,,,,,1
Consumer Staples,Household & Personal Products,Personal Products,RBC LIFE SCIENCES INC,,,,,,,,0.231,0.145,0.262,0.032,0.075,0.179,0.059,0.258,,,8
Consumer Staples,Food Beverage & Tobacco,Food Products,REDDY ICE HOLDINGS INC,,,,,0.068,0.082,0.08,0.107,0.082,0.115,0.148,0.074,,,,,,8
Consumer Staples,Food Beverage & Tobacco,Beverages,REEDS INC,,,,,,,0.034,1.477,0.045,0.086,0.105,0.098,0.144,0.176,0.09,0.116,,10
Consumer Staples,Household & Personal Products,Personal Products,REJUVEL BIO-SCIENCES INC,,,,,,,,,,,,,,0.769,0.947,,,2
Consumer Staples,Household & Personal Products,Personal Products,RELIABRAND INC,,,,,,,,,,,,,,,0.024,,,1
Consumer Staples,Household & Personal Products,Personal Products,RELIV INTERNATIONAL INC,0.041,0.03,0.069,0.104,0.199,0.172,0.057,0.089,0.101,0.06,0.074,0.052,0.071,0.054,0.135,0.036,,16
Consumer Staples,Household & Personal Products,Personal Products,REV HOLDINGS INC,0.056,0.068,0.112,0.214,0.143,0.217,,,,,,,,,,,,6
Consumer Staples,Household & Personal Products,Personal Products,REVLON CONSUMER PRODUCTS CP,0.041,0.045,0.068,0.214,0.143,0.217,0.187,0.173,0.182,0.135,0.136,0.131,0.211,0.287,0.283,0.228,,16
Consumer Staples,Household & Personal Products,Personal Products,REVLON INC  -CL A,0.041,0.068,0.112,0.214,0.143,0.217,0.187,0.173,0.182,0.135,0.136,0.09,0.137,0.178,0.215,0.175,,16
Consumer Staples,Food Beverage & Tobacco,Tobacco,REYNOLDS AMERICAN INC,0.056,0.071,0.106,0.074,0.103,0.093,0.129,0.134,0.105,0.137,0.17,0.19,0.082,0.148,0.19,0.145,,16
Consumer Staples,Food Beverage & Tobacco,Food Products,RICA FOODS INC,0.54,0.185,0.109,0.134,0.142,0.158,,,,,,,,,,,,6
Consumer Staples,Food Beverage & Tobacco,Food Products,RICEBRAN TECHNOLOGIES,,,,,,0.117,0.852,1.3,1.368,0.031,0.029,0.285,0.232,0.11,0.217,0.043,,11
Consumer Staples,Food & Staples Retailing,Food & Staples Retailing,RITE AID CORP,0.038,0.058,0.05,0.134,0.101,0.166,0.195,0.394,0.16,0.071,0.071,0.105,0.166,0.176,0.218,0.259,,16
Consumer Staples,Food Beverage & Tobacco,Food Products,RIVIANA FOODS INC,0.195,0.138,0.108,0.137,,,,,,,,,,,,,,4
Consumer Staples,Food Beverage & Tobacco,Food Products,ROCKY MOUNTAIN CHOC FACT INC,0.052,0.106,0.048,0.084,0.258,0.212,0.03,0.1,0.045,0.095,0.25,0.52,0.087,0.372,0.074,0.109,,16
Consumer Staples,Food & Staples Retailing,Food & Staples Retailing,ROUNDY'S INC,,,,,,,,,,,0.197,0.214,0.2,0.214,0.268,,,5
Consumer Staples,Food & Staples Retailing,Food & Staples Retailing,ROUNDY'S INC  -OLD,0.286,0.165,0.123,0.269,0.282,,,,,,,,,,,,,5
Consumer Staples,Food Beverage & Tobacco,Food Products,ROYAL HAWAIIAN ORCHARDS-LP,,,0.002,0,0.003,0.002,0.01,0.005,0.002,0.016,0.009,0.001,0.011,0.008,0.072,0.271,,14
Consumer Staples,Food Beverage & Tobacco,Beverages,RUDY NUTRITION,,,,,,0.929,0,,,,,,,,,,,2
Consumer Staples,Food Beverage & Tobacco,Food Products,RYMER FOODS INC,0.436,,,,,,,,,,,,,,,,,1
Consumer Staples,Food Beverage & Tobacco,Food Products,S&W SEED CO,,,,,,,,,,0.106,0.017,0.189,0.167,3.17,0.042,0.154,0.228,8
Consumer Staples,Food Beverage & Tobacco,Food Products,SADIA SA  -ADR,0.113,0.092,0.092,0.149,0.302,0.774,0.732,0.592,,,,,,,,,,8
Consumer Staples,Food & Staples Retailing,Food & Staples Retailing,SAFEWAY INC,0.244,0.251,0.168,0.117,0.144,0.159,0.184,0.181,0.15,0.08,0.081,0.11,0.096,0.083,,,,14
Consumer Staples,Food Beverage & Tobacco,Food Products,SANDERSON FARMS INC,0.09,0.084,0.121,0.15,0.177,0.817,0.319,0.369,0.125,0.062,0.368,0.128,0.097,0.11,0.351,0.266,0.294,17
Consumer Staples,Food Beverage & Tobacco,Food Products,SANFILIPPO JOHN B&SON,0.054,0.12,0.065,0.117,0.166,0.922,0.38,0.232,0.067,0.035,0.051,0.032,0.049,0.049,0.074,0.11,0.115,17
Consumer Staples,Food & Staples Retailing,Food & Staples Retailing,SANTA ISABEL SA  -ADR,0.133,0.159,,,,,,,,,,,,,,,,2
Consumer Staples,Food Beverage & Tobacco,Food Products,SAVIA SA DE CV  -ADR,0.05,,,,,,,,,,,,,,,,,1
Consumer Staples,Food Beverage & Tobacco,Food Products,SCHEID VINEYARDS INC  -CL A,0.171,0.087,0.037,0.025,0.069,0.529,,,,,,,,,,,,6
Consumer Staples,Household & Personal Products,Personal Products,SCHIFF NUTRITION INTL INC,0.086,0.071,0.057,0.063,0.099,0.173,0.327,0.222,0.253,0.211,0.288,0.192,,,,,,12
Consumer Staples,Food Beverage & Tobacco,Food Products,SCOPE INDUSTRIES,0.263,0.369,0.429,0.282,,,,,,,,,,,,,,4
Consumer Staples,Household & Personal Products,Personal Products,SCOTT'S LIQUID GOLD,0.005,0.006,0.001,0.001,0.008,0.002,0.006,0.005,0.001,0,0,0.004,0.003,0.445,0.11,0.474,,16
Consumer Staples,Food Beverage & Tobacco,Food Products,SEABOARD CORP,0.243,0.09,0.269,0.051,0.052,0.106,0.137,0.257,0.184,0.071,0.149,0.262,0.199,0.177,0.14,0.164,,16
Consumer Staples,Household & Personal Products,Personal Products,SEALAND NATURAL RESOURCES,,,,,,,,,,,,,,0.516,,,,1
Consumer Staples,Food Beverage & Tobacco,Food Products,SEMINIS INC,,,,0.135,0.248,,,,,,,,,,,,,2
Consumer Staples,Food Beverage & Tobacco,Food Products,SENECA FOODS CORP,0.086,0.08,0.044,0.174,0.079,0.073,0.146,0.191,0.127,0.116,0.109,0.146,0.085,0.103,0.143,0.053,,16
Consumer Staples,Food Beverage & Tobacco,Food Products,SHANDONG ZHOUYUAN SEED & NUR,,,36.333,0.003,0,,,0.048,0.001,0,0,,,,,,,7
Consumer Staples,Food Beverage & Tobacco,Food Products,SHERWOOD BRANDS INC,0.291,0.251,0.434,0.101,0.042,,,,,,,,,,,,,5
Consumer Staples,Household & Personal Products,Personal Products,SHINECO INC,,,,,,,,,,,,,,,,,0.086,1
Consumer Staples,Food Beverage & Tobacco,Food Products,SILVER STAR FOODS INC,,,58,,,,,,,,,,,,,,,1
Consumer Staples,Food Beverage & Tobacco,Food Products,SINO AGRO FOOD INC,,,,,,,,,,,,0.082,4.794,1.31,0.291,0.406,,5
Consumer Staples,Food & Staples Retailing,Food & Staples Retailing,SINO GREEN LAND CORP,,,,,,,,,,,10.328,,,,,,,1
Consumer Staples,Household & Personal Products,Personal Products,SKINVISIBLE INC,0.099,0.028,0.016,0,0.692,0.083,0.538,0.167,0.091,7.647,13.8,12.429,6.333,26.5,17.75,2,,16
Consumer Staples,Food Beverage & Tobacco,Food Products,SKYPEOPLE FRUIT JUICE INC,,,,,,0.159,0.245,0,,0.022,0.323,0.214,0.157,0.242,0.248,0.003,,11
Consumer Staples,Food & Staples Retailing,Food & Staples Retailing,SMART & FINAL INC,0.113,0.211,0.207,0.092,0.102,0.168,0.155,,,,,,,,,,,7
Consumer Staples,Food & Staples Retailing,Food & Staples Retailing,SMART & FINAL STORES INC,,,,,,,,,,,,,,0.217,0.471,0.433,,3
Consumer Staples,Food Beverage & Tobacco,Food Products,SMITHFIELD COMPANIES INC,0.067,,,,,,,,,,,,,,,,,1
Consumer Staples,Food Beverage & Tobacco,Food Products,SMITHFIELD FOODS INC,0.119,0.134,0.116,0.093,0.114,0.201,0.231,0.196,0.061,0.075,0.075,0.126,0.122,,0.11,0.136,,15
Consumer Staples,Food Beverage & Tobacco,Food Products,SMOKY MARKET FOODS INC,,,,,,,,,1.235,0.76,0.007,,0,,,,,4
Consumer Staples,Food Beverage & Tobacco,Food Products,SMUCKER (JM) CO,0.168,0.137,0.304,0.364,0.266,0.121,0.108,0.168,0.219,0.163,0.21,0.316,0.188,0.245,0.196,0.12,,16
Consumer Staples,Food Beverage & Tobacco,Food Products,SNYDERS-LANCE INC,0.135,0.172,0.142,0.101,0.18,0.171,0.252,0.205,0.19,0.189,0.148,0.171,0.257,0.225,0.206,0.121,,16
Consumer Staples,Food Beverage & Tobacco,Food Products,SOUPMAN INC,,,,,,,,,,,,,0.152,0,0.167,0,0,5
Consumer Staples,Food Beverage & Tobacco,Food Products,SOUTHERN CHINA LIVESTK -REDH,,,,,,,,,,0.037,,,,,,,,1
Consumer Staples,Food & Staples Retailing,Food & Staples Retailing,SPARTANNASH CO,0.205,0.122,0.045,0.096,0.234,0.271,0.246,0.28,0.313,0.215,0.133,0.176,0.164,0.137,0.138,0.133,,16
Consumer Staples,Household & Personal Products,Household Products,SPECTRUM BRANDS HOLDINGS INC,0.171,0.176,0.146,0.255,0.179,0.35,0.198,0.071,0.087,0.046,0.19,0.18,0.227,0.383,0.178,0.208,0.188,17
Consumer Staples,Food Beverage & Tobacco,Food Products,SPECTRUM ORGANIC PRODUCTS,0.09,0.146,0.195,0.372,0.34,,,,,,,,,,,,,5
Consumer Staples,Food Beverage & Tobacco,Food Products,SPIGADORO INC,0.146,0.054,,,,,,,,,,,,,,,,2
Consumer Staples,Household & Personal Products,Household Products,SPONGETECH DELIVERY SYSTEMS,,,,,,0,0,0.95,,,,,,,,,,3
Consumer Staples,Household & Personal Products,Personal Products,SPORT ENDURANCE INC,,,,,,,,,,,,,,,,0,0,2
Consumer Staples,Food & Staples Retailing,Food & Staples Retailing,SPROUTS FARMERS MARKET,,,,,,,,,,,,,0.21,0.288,0.364,0.275,,4
Consumer Staples,Food Beverage & Tobacco,Tobacco,STANDARD COMMERCIAL CORP,0.116,0.109,0.276,0.228,,,,,,,,,,,,,,4
Consumer Staples,Food & Staples Retailing,Food & Staples Retailing,STATER BROS HOLDINGS INC,0.147,0.124,0.148,0.184,0.205,0.287,0.205,0.389,0.271,0.105,0.05,0.069,0.064,0.084,,,,14
Consumer Staples,Food Beverage & Tobacco,Food Products,STEARNS & LEHMAN INC,0.254,,,,,,,,,,,,,,,,,1
Consumer Staples,Household & Personal Products,Personal Products,STEPHAN CO,0.047,0.032,0.013,0.01,0.036,0.122,0.02,0.017,0.015,0.009,0.006,0.006,0.12,,,,,13
Consumer Staples,Food Beverage & Tobacco,Food Products,STERLING SUGARS INC,0.101,0.077,0.075,0.134,0.142,,,,,,,,,,,,,5
Consumer Staples,Food Beverage & Tobacco,Food Products,STEVIA CORP,,,,,,,,,,,,,1.667,2.286,,,,2
Consumer Staples,Food Beverage & Tobacco,Beverages,STOKELY VAN CAMP INC,0.411,,,,,,,,,,,,,,,,,1
Consumer Staples,Food Beverage & Tobacco,Food Products,SUNOPTA INC,0.479,0.136,0.145,0.193,0.443,0.227,0.141,0.339,0.083,0.12,0.174,0.144,0.201,0.241,0.126,0.231,,16
Consumer Staples,Food & Staples Retailing,Food & Staples Retailing,SUPER-SOL LTD  -ADR,0.182,0.123,0.117,,,,,,,,,,,,,,,3
Consumer Staples,Food & Staples Retailing,Food & Staples Retailing,SUPERVALU INC,0.183,0.131,0.173,0.148,0.123,0.14,0.425,0.142,0.157,0.09,0.085,0.1,0.036,0.065,0.16,0.178,,16
Consumer Staples,Food Beverage & Tobacco,Food Products,SUPREMA SPECIALTIES INC,0.096,0.569,,,,,,,,,,,,,,,,2
Consumer Staples,Household & Personal Products,Personal Products,SURREY INC,0.06,,,,,,,,,,,,,,,,,1
Consumer Staples,Food & Staples Retailing,Food & Staples Retailing,SUSSER HOLDINGS CORP,,,,,,,0.313,0.387,0.169,0.183,0.217,0.309,0.367,0.319,,,,8
Consumer Staples,Household & Personal Products,Household Products,SVENSKA CELLULOSA AB  -ADR,0.023,0.03,0.103,0.139,0.123,0.096,0.106,0.099,0.088,0.09,0.078,0.071,0.086,0.076,0.058,0.082,0.103,17
Consumer Staples,Food Beverage & Tobacco,Tobacco,SWEDISH MATCH AB  -ADR,0.16,0.222,0.304,0.227,,,,,,,,,,,,,,4
Consumer Staples,Food Beverage & Tobacco,Food Products,SYLVAN INC,0.129,0.166,0.113,0.053,,,,,,,,,,,,,,4
Consumer Staples,Food Beverage & Tobacco,Food Products,SYNERGY BRANDS INC,0.077,0.19,0.024,0.059,0.296,0.199,0.101,2.992,0.091,0.051,,,,,,,,10
Consumer Staples,Household & Personal Products,Personal Products,SYNUTRA INTERNATIONAL INC,,,,,,,0.618,0.669,0.523,0.092,0.075,0.249,0.119,0.227,0.613,0.555,,10
Consumer Staples,Food & Staples Retailing,Food & Staples Retailing,SYSCO CORP,0.217,0.254,0.274,0.257,0.276,0.18,0.227,0.245,0.19,0.161,0.2,0.199,0.223,0.132,0.132,0.136,0.132,17
Consumer Staples,Household & Personal Products,Personal Products,TASKER PRODUCTS CORP,,,,,56,8.078,0.081,0.085,,,,,,,,,,4
Consumer Staples,Food Beverage & Tobacco,Food Products,TASTY BAKING CO,0.136,0.122,0.09,0.114,0.146,0.091,0.089,0.162,0.468,0.389,0.106,,,,,,,11
Consumer Staples,Food Beverage & Tobacco,Food Products,TATE & LYLE PLC  -ADR,0.066,0.032,0.104,0.117,0.117,0.226,0.235,0.219,0.135,0.054,0.051,0.119,0.095,0.131,0.125,0.231,,16
Consumer Staples,Household & Personal Products,Personal Products,TIENS BIOTECH GROUP USA INC,,,,,0.383,0.302,0.312,0.098,1.487,0.542,0.412,,,,,,,7
Consumer Staples,Food Beverage & Tobacco,Food Products,TOFUTTI BRANDS INC,,,,,0,0,0,0,0,0,0,0,0,,,0,,10
Consumer Staples,Food Beverage & Tobacco,Food Products,TOM'S FOODS INC,0.138,0.168,0.211,0.082,,,,,,,,,,,,,,4
Consumer Staples,Food Beverage & Tobacco,Food Products,TOOTSIE ROLL INDUSTRIES INC,0.169,0.108,0.078,0.094,0.139,0.082,0.219,0.073,0.171,0.096,0.058,0.076,0.042,0.078,0.054,0.082,,16
Consumer Staples,Food & Staples Retailing,Food & Staples Retailing,TOPPS CO INC,0.366,0.457,0.275,0.195,0.191,0.23,0.333,,,,,,,,,,,7
Consumer Staples,Food & Staples Retailing,Food & Staples Retailing,TOPS HOLDING CORP,,,,,,,,,,0.078,0.149,0.12,,,,,,3
Consumer Staples,Food & Staples Retailing,Food & Staples Retailing,TOPS HOLDING II CORP,,,,,,,,,,,,,,,,0.098,,1
Consumer Staples,Food Beverage & Tobacco,Food Products,TREEHOUSE FOODS INC,,,,,,0.114,0.097,0.096,0.209,0.137,0.143,0.177,0.173,0.176,0.192,0.134,,11
Consumer Staples,Household & Personal Products,Personal Products,TRISTAR CORP,0.144,,,,,,,,,,,,,,,,,1
Consumer Staples,Household & Personal Products,Personal Products,TRISTAR WELLNESS SOLUTIONS,,,0,0.571,0.167,0,,7.039,0.575,0.09,0.044,0,,0,0.156,,,11
Consumer Staples,Food Beverage & Tobacco,Beverages,TRUETT-HURST INC,,,,,,,,,,,,,0.053,0.125,0.102,0.123,0.074,5
Consumer Staples,Food Beverage & Tobacco,Tobacco,TURNING POINT BRANDS INC,,,,,,,,,,,,,,,,0.317,,1
Consumer Staples,Household & Personal Products,Personal Products,TWINLAB CONSOLIDATED HLDGS,,,,,,,,,,,,,,,0.121,0.754,,2
Consumer Staples,Food Beverage & Tobacco,Food Products,TYSON FOODS INC  -CL A,0.09,0.122,0.124,0.1,0.12,0.144,0.133,0.072,0.115,0.105,0.154,0.175,0.18,0.139,0.156,0.166,0.134,17
Consumer Staples,Food Beverage & Tobacco,Food Products,UMAMI SUSTAINABLE SEAFOOD,,,,,,,,,,,,0.213,0.266,,,,,2
Consumer Staples,Food Beverage & Tobacco,Food Products,UMED HOLDINGS INC,,,,,,,,,,,,,,,0,0,,2
Consumer Staples,Food & Staples Retailing,Food & Staples Retailing,UNI-MARTS INC,0.114,0.103,0.028,0.022,,,,,,,,,,,,,,4
Consumer Staples,Food & Staples Retailing,Food & Staples Retailing,UNIFIED GROCERS INC,0.295,0.189,0.058,0.03,0.057,0.065,0.08,0.198,0.112,0.059,0.039,0.048,0.071,0.059,,,0.04,15
Consumer Staples,Food Beverage & Tobacco,Food Products,UNILEVER COMBINED,0.144,0.148,0.165,0.168,0.158,0.127,0.174,0.184,0.173,0.216,0.228,0.228,0.229,0.198,0.178,0.16,,16
Consumer Staples,Household & Personal Products,Personal Products,UNILEVER NV  -ADR,,,,,,,,,,,,0.272,0.229,0.198,0.178,0.16,0.165,6
Consumer Staples,Household & Personal Products,Personal Products,UNILEVER PLC  -ADR,,,,,,,,,,,,0.189,0.229,0.198,0.178,0.16,0.165,6
Consumer Staples,Food Beverage & Tobacco,Food Products,UNIMARK GROUP INC,0.136,0.097,0.059,0.011,,,,,,,,,,,,,,4
Consumer Staples,Food Beverage & Tobacco,Food Products,UNION AGRICULTURE GRP -REDH,,,,,,,,,,,3.171,,,,,,,1
Consumer Staples,Food & Staples Retailing,Food & Staples Retailing,UNITED NATURAL FOODS INC,0.362,0.302,0.447,0.242,0.236,0.578,0.115,0.287,0.276,0.138,0.228,0.146,0.11,0.239,0.435,0.267,0.072,17
Consumer Staples,Household & Personal Products,Personal Products,UNITED-GUARDIAN INC,0.108,0.137,0.11,0.107,0.193,0.156,0.1,0.356,0.186,0.163,0.479,0.227,0.202,0.233,0.041,0.052,,16
Consumer Staples,Food Beverage & Tobacco,Tobacco,UNIVERSAL CORP/VA,0.175,0.176,0.328,0.161,0.189,0.119,0.043,0.077,0.106,0.184,0.119,0.121,0.102,0.159,0.197,0.154,,16
Consumer Staples,Food Beverage & Tobacco,Beverages,UNIVERSAL FOOD & BEVERAGE CO,,0,2.687,0,0,169,,,,,,,,,,,,5
Consumer Staples,Food Beverage & Tobacco,Food Products,URBAN BARNS FOODS INC,,,,,,,,,,,,,1.091,1.034,1.591,0.164,,4
Consumer Staples,Food & Staples Retailing,Food & Staples Retailing,US FOODS HOLDING CORP,,,,,,,,,,,,,,,0.084,0.109,,2
Consumer Staples,Household & Personal Products,Household Products,USA DETERGENTS INC,0.173,,,,,,,,,,,,,,,,,1
Consumer Staples,Household & Personal Products,Personal Products,USANA HEALTH SCIENCES INC,0.245,0.375,0.152,0.248,0.344,0.186,0.474,0.866,0.309,0.073,0.073,0.185,0.139,0.13,0.345,0.333,,16
Consumer Staples,Food Beverage & Tobacco,Tobacco,UST INC,0.141,0.132,0.155,0.116,0.186,0.213,0.086,0.227,,,,,,,,,,8
Consumer Staples,Food Beverage & Tobacco,Tobacco,VAPIR ENTERPRISES INC,,,,,,,,,,,,,,,0,24.5,,2
Consumer Staples,Food Beverage & Tobacco,Tobacco,VAPOR CORP/DE,,,,,,,,,,,,,,0.6,19.345,0.274,,3
Consumer Staples,Food Beverage & Tobacco,Food Products,VAUGHAN FOODS INC,,,,,,,0.444,0.129,0.168,0.025,0.059,,,,,,,5
Consumer Staples,Food Beverage & Tobacco,Tobacco,VECTOR GROUP LTD,0.133,0.457,0.946,0.049,0.03,0.158,0.153,0.087,0.116,0.076,0.531,0.214,0.199,0.232,0.295,0.131,,16
Consumer Staples,Food & Staples Retailing,Food & Staples Retailing,VILLAGE SUPER MARKET  -CL A,0.177,0.187,0.24,0.11,0.148,0.177,0.119,0.128,0.198,0.188,0.125,0.076,0.096,0.127,0.284,0.114,0.097,17
Consumer Staples,Food Beverage & Tobacco,Beverages,VINA CONCHA Y TORO SA  -ADR,0.123,0.097,0.055,0.192,0.236,0.263,0.158,0.238,0.191,0.17,0.077,0.082,0.094,0.077,0.069,0.056,,16
Consumer Staples,Food Beverage & Tobacco,Food Products,VITA FOOD PRODUCTS INC,0.214,0.238,0.285,0.195,0.207,0.142,0.2,0.088,0.3,,,,,,,,,9
Consumer Staples,Household & Personal Products,Personal Products,VITAL LIVING INC,,,1.716,0.297,0.302,0,0,0,,,,,,,,,,6
Consumer Staples,Household & Personal Products,Personal Products,VITALSTATE INC,,,,1.407,0.073,,,,,,,,,,,,,2
Consumer Staples,Food Beverage & Tobacco,Food Products,VLASIC FOODS INTERNATIONAL,0.064,,,,,,,,,,,,,,,,,1
Consumer Staples,Food & Staples Retailing,Food & Staples Retailing,WAL MART DE MEXICO SA   -ADR,0.121,0.156,0.138,0.13,0.15,0.219,0.177,0.19,0.125,0.13,0.163,0.159,0.135,0.118,0.093,0.085,,16
Consumer Staples,Food & Staples Retailing,Food & Staples Retailing,WAL-MART STORES INC,0.224,0.205,0.204,0.199,0.22,0.212,0.198,0.169,0.119,0.127,0.124,0.125,0.115,0.112,0.103,0.098,,16
Consumer Staples,Food & Staples Retailing,Food & Staples Retailing,WALGREENS BOOTS ALLIANCE INC,0.431,0.361,0.215,0.173,0.19,0.227,0.217,0.257,0.271,0.197,0.094,0.108,0.134,0.101,0.091,0.102,0.088,17
Consumer Staples,Household & Personal Products,Household Products,WD-40 CO,0.578,0.309,0.185,0.332,0.361,0.438,0.353,0.286,0.653,0.266,0.162,0.308,0.444,0.315,0.479,0.596,0.383,17
Consumer Staples,Food & Staples Retailing,Food & Staples Retailing,WEIS MARKETS INC,0.128,0.109,0.105,0.084,0.2,0.126,0.224,0.13,0.134,0.089,0.137,0.21,0.191,0.201,0.112,0.126,,16
Consumer Staples,Food Beverage & Tobacco,Food Products,WESTWAY GROUP INC,,,,,,,,,,,0.07,0.125,,,,,,2
Consumer Staples,Household & Personal Products,Personal Products,WH INTERMEDIATE HLDGS LTD,,,,0.295,,,,,,,,,,,,,,1
Consumer Staples,Food Beverage & Tobacco,Food Products,WHITEWAVE FOODS CO,,,,,,,,,,,,,0.175,0.211,0.443,0.26,,4
Consumer Staples,Food & Staples Retailing,Food & Staples Retailing,WHOLE FOODS MARKET INC,0.102,0.105,0.113,0.13,0.381,0.358,0.323,0.428,0.313,0.166,0.135,0.193,0.228,0.245,0.292,0.291,0.226,17
Consumer Staples,Food & Staples Retailing,Food & Staples Retailing,WILD OATS MARKETS INC,0.388,0.119,0.114,0.259,0.375,0.159,0.267,,,,,,,,,,,7
Consumer Staples,Food Beverage & Tobacco,Beverages,WILLAMETTE VALLEY VINEYARDS,0.062,0.07,0.026,0.05,0.062,0.065,0.089,0.169,0.422,0.107,0.087,0.227,0.2,0.682,0.234,0.183,,16
Consumer Staples,Food Beverage & Tobacco,Food Products,WIMM-BILL-DANN  -ADR,,,0.506,0.313,0.172,0.165,0.278,0.312,0.246,0.186,,,,,,,,8
Consumer Staples,Food & Staples Retailing,Food & Staples Retailing,WINN-DIXIE STORES INC,0.175,0.303,0.073,0.183,0.208,0.126,0.046,0.186,0.725,0.485,0.32,0.136,,,,,,12
Consumer Staples,Food Beverage & Tobacco,Food Products,WLR FOODS INC,0.113,,,,,,,,,,,,,,,,,1
Consumer Staples,Food Beverage & Tobacco,Food Products,WRIGLEY (WM) JR CO,0.224,0.299,0.317,0.263,0.23,0.247,0.256,0.177,,,,,,,,,,8
Consumer Staples,Food Beverage & Tobacco,Beverages,YAMHILL VALLEY VINEYRDS-REDH,,0.044,,,,,,,,,,,,,,,,1
Consumer Staples,Food Beverage & Tobacco,Food Products,YASHENG GROUP,,,,,,0.237,0.265,0.026,0.052,,,,,,,,,4
Consumer Staples,Food Beverage & Tobacco,Food Products,YAYI INTERNATIONAL INC,,1.722,,,,,,,,1.434,0.214,,,,,,,3
Consumer Staples,Food Beverage & Tobacco,Food Products,YOCREAM INTERNATIONAL INC,0.549,0.829,0.148,0.542,0.15,0.087,1.214,0.259,0.089,0.347,,,,,,,,10
Consumer Staples,Household & Personal Products,Personal Products,YOUNGEVITY INTERNATIONAL INC,,,,,,,,,,,,,0.484,0.893,0.65,0.31,,4
Consumer Staples,Food Beverage & Tobacco,Food Products,YUHE INTERNATIONAL INC,,,,,,,,,,0.671,0.856,,,,,,,2
Consumer Staples,Food Beverage & Tobacco,Food Products,ZHENG HUI INDUSTRY CORP-REDH,,,,,,,,,,0.235,,,,,,,,1
Consumer Staples,Food Beverage & Tobacco,Food Products,ZHONGPIN INC,,,,,,,0.695,0.813,1.1,0.541,0.257,0.47,0.227,,,,,7
Consumer Staples,Household & Personal Products,Personal Products,ZIVO BIOSCIENCE INC,,,,,,,,,,,,,,0,0,0,,3
Consumer Staples,(All),(All),Average By Sector,0.48915342465753425,0.2681590909090909,0.5997089337175793,0.20659939759036144,0.531873417721519,0.9182483443708609,2.1143448275862067,0.3393285714285714,0.3578736059479554,0.22918279569892475,0.3284963503649635,1.3757669172932332,0.35272659176029963,3.3300912408759125,0.5921563636363636,0.4773622641509434,0.264765625,17
Consumer Staples,Food & Staples Retailing,(All),Average by Industry Group,0.2978513513513514,0.26425333333333334,0.5634507042253522,0.1784848484848485,0.3570677966101695,0.30588235294117644,0.2632040816326531,0.2932666666666667,0.24234883720930234,0.19962790697674418,0.46346666666666664,0.25542553191489364,0.2402608695652174,0.2571555555555555,0.2165,0.2118157894736842,0.15372727272727274,17
Consumer Staples,Food Beverage & Tobacco,(All),Average by Industry Group,0.20514356435643566,0.188848167539267,0.7140833333333333,0.17434615384615385,0.20239772727272728,1.2385903614457832,3.4969316770186336,0.29514193548387097,0.33626623376623377,0.19681212121212122,0.22703703703703704,0.2979741935483871,0.26337106918238995,4.956322784810126,0.644695652173913,0.3508625,0.22146428571428572,17
Consumer Staples,Household & Personal Products,(All),Average by Industry Group,1.2928202247191012,0.4477093023255814,0.36892857142857144,0.29857142857142854,1.3750987654320987,0.6600588235294118,0.4657125,0.45085,0.47308333333333336,0.3223098591549296,0.4831641791044776,4.808796875,0.6653225806451613,1.6587887323943662,0.6809054054054055,0.9300597014925374,0.36212,17
Consumer Staples,Food & Staples Retailing,Food & Staples Retailing,Average by Industry,0.2978513513513514,0.26425333333333334,0.5634507042253522,0.1784848484848485,0.3570677966101695,0.30588235294117644,0.2632040816326531,0.2932666666666667,0.24234883720930234,0.19962790697674418,0.46346666666666664,0.25542553191489364,0.2402608695652174,0.2571555555555555,0.2165,0.2118157894736842,0.15372727272727274,17
Consumer Staples,Food Beverage & Tobacco,Beverages,Average by Industry,0.28550000000000003,0.12338775510204082,0.19420833333333332,0.1560217391304348,0.27693478260869564,4.135558139534884,0.18992857142857142,0.2549268292682927,0.26635,0.17911627906976743,0.20845238095238094,0.24888095238095237,0.20844186046511629,2.2814545454545456,0.21273809523809523,0.2446279069767442,0.0945,17
Consumer Staples,Food Beverage & Tobacco,Food Products,Average by Industry,0.18235714285714286,0.2146076923076923,0.9492824427480916,0.181260162601626,0.17711764705882352,0.23169642857142858,5.080990825688073,0.32425,0.3798952380952381,0.20834513274336283,0.23614414414414414,0.32955769230769233,0.2942990654205607,1.0315392156862746,0.24462264150943397,0.17940776699029126,0.23728,17
Consumer Staples,Food Beverage & Tobacco,Tobacco,Average by Industry,0.13616666666666666,0.17708333333333334,0.26353846153846155,0.17376923076923076,0.16418181818181818,0.1660909090909091,0.1201,0.1573,0.138,0.13655555555555557,0.20144444444444445,0.16211111111111112,0.15811111111111112,48.124833333333335,5.302384615384615,1.9385714285714286,0.08,17
Consumer Staples,Household & Personal Products,Household Products,Average by Industry,3.9569545454545456,0.10504545454545454,0.24911111111111112,0.21894444444444444,0.18664705882352942,0.22231578947368422,0.26311111111111113,0.31,0.17888235294117646,0.1538125,0.42693333333333333,17.637375,0.1685,0.16623529411764706,0.16116666666666668,0.350625,0.548,17
Consumer Staples,Household & Personal Products,Personal Products,Average by Industry,0.41802985074626864,0.5655,0.4016060606060606,0.3202878787878788,1.69078125,0.7860757575757575,0.5245322580645161,0.49174193548387096,0.5640181818181819,0.37132727272727273,0.4993846153846154,0.5326041666666667,0.8381304347826087,2.1286666666666667,0.8479642857142857,1.111843137254902,0.21607142857142858,17
